20196,1.228,,72662400
20197,1.195,,20196
20198,1.171,,
20199,1.14,,
20200,1.125,,
20201,1.106,,
20202,1.087,,
20203,1.069,,
20204,1.063,,
20205,1.052,,
20206,1.036,,
20207,1.027,,
20208,1.003,,
20209,0.975,,
20210,0.961,,
20211,0.923,,
20212,0.907,,
20213,0.89,,
20214,0.854,,
20215,0.838,,
20216,0.811,,
20217,0.793,,
20218,0.772,,
20219,0.765,,
20220,0.756,,
20221,0.756,,
20222,0.75,,
20223,0.749,,
20224,0.751,,
20225,0.751,,
20226,0.751,,
20227,0.751,,
20228,0.75,,
20229,0.75,,
20230,0.742,,
20231,0.732,,
20232,0.732,,
20233,0.728,,
20234,0.727,,
20235,0.727,,
20236,0.727,,
20237,0.727,,
20238,0.727,,
20239,0.727,,
20240,0.727,,
20241,0.718,,
20242,0.723,,
20243,0.728,,
20244,0.723,,
20245,0.728,,
20246,0.728,,
20247,0.727,,
20248,0.723,,
20249,0.713,,
20250,0.713,,
20251,0.723,,
20252,0.723,,
20253,0.718,,
20254,0.727,,
20255,0.728,,
20256,0.731,,
20257,0.733,,
20258,0.733,,
20259,0.732,,
20260,0.732,,
20261,0.733,,
20262,0.732,,
20263,0.721,,
20264,0.71,,
20265,0.704,,
20266,0.694,,
20267,0.699,,
20268,0.699,,
20269,0.698,,
20270,0.684,,
20271,0.686,,
20272,0.689,,
20273,0.69,,
20274,0.69,,
20275,0.689,,
20276,0.689,,
20277,0.689,,
20278,0.671,,
20279,0.67,,
20280,0.652,,
20281,0.654,,
20282,0.638,,
20283,0.631,,
20284,0.624,,
20285,0.605,,
20286,0.586,,
20287,0.567,,
20288,0.554,,
20289,0.539,,
20290,0.539,,
20291,0.53,,
20292,0.524,,
20293,0.533,,
20294,0.522,,
20295,0.518,,
20296,0.527,,
20297,0.511,,
20298,0.497,,
20299,0.478,,
20300,0.464,,
20301,0.449,,
20302,0.44,,
20303,0.431,,
20304,0.426,,
20305,0.411,,
20306,0.412,,
20307,0.393,,
20308,0.386,,
20309,0.375,,
20310,0.36,,
20311,0.347,,
20312,0.328,,
20313,0.313,,
20314,0.304,,
20315,0.289,,
20316,0.284,,
20317,0.284,,
20318,0.284,,
20319,0.28,,
20320,0.278,,
20321,0.278,,
20322,0.278,,
20323,0.275,,
20324,0.276,,
20325,0.278,,
20326,0.276,,
20327,0.277,,
20328,0.278,,
20329,0.278,,
20330,0.279,,
20331,0.278,,
20332,0.278,,
20333,0.281,,
20334,0.282,,
20335,0.284,,
20336,0.284,,
20337,0.283,,
20338,0.279,,
20339,0.279,,
20340,0.275,,
20341,0.273,,
20342,0.273,,
20343,0.273,,
20344,0.274,,
20345,0.277,,
20346,0.279,,
20347,0.278,,
20348,0.277,,
20349,0.277,,
20350,0.274,,
20351,0.277,,
20352,0.278,,
20353,0.283,,
20354,0.284,,
20355,0.284,,
20356,0.289,,
20357,0.289,,
20358,0.284,,
20359,0.284,,
20360,0.284,,
20361,0.284,,
20362,0.285,,
20363,0.278,,
20364,0.283,,
20365,0.279,,
20366,0.283,,
20367,0.279,,
20368,0.274,,
20369,0.274,,
20370,0.274,,
20371,0.269,,
20372,0.274,,
20373,0.269,,
20374,0.269,,
20375,0.264,,
20376,0.264,,
20377,0.269,,
20378,0.264,,
20379,0.26,,
20380,0.264,,
20381,0.264,,
20382,0.265,,
20383,0.265,,
20384,0.26,,
20385,0.255,,
20386,0.259,,
20387,0.259,,
20388,0.259,,
20389,0.264,,
20390,0.254,,
20391,0.259,,
20392,0.254,,
20393,0.254,,
20394,0.255,,
20395,0.254,,
20396,0.254,,
20397,0.254,,
20398,0.259,,
20399,0.258,,
20400,0.257,,
20401,0.252,,
20402,0.253,,
20403,0.259,,
20404,0.259,,
20405,0.259,,
20406,0.263,,
20407,0.259,,
20408,0.254,,
20409,0.258,,
20410,0.258,,
20411,0.245,,
20412,0.226,,
20413,0.227,,
20414,0.229,,
20415,0.231,,
20416,0.231,,
20417,0.235,,
20418,0.235,,
20419,0.235,,
20420,0.236,,
20421,0.235,,
20422,0.236,,
20423,0.235,,
20424,0.236,,
20425,0.24,,
20426,0.246,,
20427,0.246,,
20428,0.246,,
20429,0.25,,
20430,0.25,,
20431,0.25,,
20432,0.255,,
20433,0.26,,
20434,0.265,,
20435,0.264,,
20436,0.258,,
20437,0.268,,
20438,0.273,,
20439,0.27,,
20440,0.264,,
20441,0.264,,
20442,0.248,,
20443,0.241,,
20444,0.237,,
20445,0.227,,
20446,0.217,,
20447,0.208,,
20448,0.195,,
20449,0.189,,
20450,0.18,,
20451,0.175,,
20452,0.166,,
20453,0.161,,
20454,0.152,,
20455,0.147,,
20456,0.138,,
20457,0.131,,
20458,0.129,,
20459,0.128,,
20460,0.113,,
20461,0.103,,
20462,0.107,,
20463,0.108,,
20464,0.094,,
20465,0.094,,
20466,0.091,,
20467,0.089,,
20468,0.088,,
20469,0.089,,
20470,0.089,,
20471,0.089,,
20472,0.089,,
20473,0.089,,
20474,0.089,,
20475,0.089,,
20476,0.089,,
20477,0.089,,
20478,0.089,,
20479,0.084,,
20480,0.088,,
20481,0.081,,
20482,0.085,,
20483,0.084,,
20484,0.084,,
20485,0.084,,
20486,0.084,,
20487,0.084,,
20488,0.084,,
20489,0.084,,
20490,0.087,,
20491,0.089,,
20492,0.094,,
20493,0.094,,
20494,0.09,,
20495,0.08,,
20496,0.08,,
20497,0.081,,
20498,0.071,,
20499,0.062,,
20500,0.062,,
20501,0.052,,
20502,0.052,,
20503,0.047,,
20504,0.037,,
20505,0.042,,
20506,0.037,,
20507,0.037,,
20508,0.036,,
20509,0.035,,
20510,0.037,,
20511,0.037,,
20512,0.038,,
20513,0.037,,
20514,0.034,,
20515,0.031,,
20516,0.037,,
20517,0.033,,
20518,0.038,,
20519,0.028,,
20520,0.023,,
20521,0.018,,
20522,0.019,,
20523,0.018,,
20524,0.016,,
20525,0.018,,
20526,0.018,,
20527,0.018,,
20528,0.017,,
20529,0.013,,
20530,0.013,,
20531,0.023,,
20532,0.022,,
20533,0.013,,
20534,0.013,,
20535,0.027,,
20536,0.027,,
20537,0.027,,
20538,0.027,,
20539,0.027,,
20540,0.027,,
20541,0.027,,
20542,0.027,,
20543,0.027,,
20544,0.027,,
20545,0.027,,
20546,0.027,,
20547,0.027,,
20548,0.027,,
20549,0.027,,
20550,0.027,,
20551,0.027,,
20552,0.027,,
20553,0.032,,
20554,0.026,,
20555,0.026,,
20556,0.026,,
20557,0.031,,
20558,0.026,,
20559,0.027,,
20560,0.026,,
20561,0.031,,
20562,0.026,,
20563,0.027,,
20564,0.031,,
20565,0.026,,
20566,0.027,,
20567,0.027,,
20568,0.026,,
20569,0.027,,
20570,0.032,,
20571,0.027,,
20572,0.031,,
20573,0.026,,
20574,0.032,,
20575,0.032,,
20576,0.027,,
20577,0.027,,
20578,0.032,,
20579,0.031,,
20580,0.031,,
20581,0.032,,
20582,0.031,,
20583,0.031,,
20584,0.027,,
20585,0.026,,
20586,0.035,,
20587,0.04,,
20588,0.042,,
20589,0.041,,
20590,0.041,,
20591,0.042,,
20592,0.042,,
20593,0.042,,
20594,0.042,,
20595,0.041,,
20596,0.037,,
20597,0.037,,
20598,0.037,,
20599,0.041,,
20600,0.043,,
20601,0.039,,
20602,0.049,,
20603,0.049,,
20604,0.047,,
20605,0.051,,
20606,0.047,,
20607,0.053,,
20608,0.052,,
20609,0.054,,
20610,0.052,,
20611,0.051,,
20612,0.05,,
20613,0.05,,
20614,0.049,,
20615,0.047,,
20616,0.048,,
20617,0.049,,
20618,0.048,,
20619,0.052,,
20620,0.051,,
20621,0.054,,
20622,0.052,,
20623,0.053,,
20624,0.056,,
20625,0.059,,
20626,0.057,,
20627,0.066,,
20628,0.056,,
20629,0.061,,
20630,0.066,,
20631,0.061,,
20632,0.066,,
20633,0.075,,
20634,0.071,,
20635,0.071,,
20636,0.071,,
20637,0.07,,
20638,0.075,,
20639,0.075,,
20640,0.075,,
20641,0.075,,
20642,0.075,,
20643,0.075,,
20644,0.075,,
20645,0.075,,
20646,0.075,,
20647,0.076,,
20648,0.08,,
20649,0.075,,
20650,0.075,,
20651,0.075,,
20652,0.075,,
20653,0.075,,
20654,0.075,,
20655,0.085,,
20656,0.075,,
20657,0.08,,
20658,0.075,,
20659,0.084,,
20660,0.08,,
20661,0.089,,
20662,0.085,,
20663,0.085,,
20664,0.089,,
20665,0.089,,
20666,0.094,,
20667,0.094,,
20668,0.094,,
20669,0.094,,
20670,0.094,,
20671,0.094,,
20672,0.094,,
20673,0.094,,
20674,0.094,,
20675,0.094,,
20676,0.094,,
20677,0.094,,
20678,0.094,,
20679,0.094,,
20680,0.094,,
20681,0.094,,
20682,0.094,,
20683,0.099,,
20684,0.094,,
20685,0.094,,
20686,0.094,,
20687,0.099,,
20688,0.099,,
20689,0.108,,
20690,0.099,,
20691,0.103,,
20692,0.099,,
20693,0.103,,
20694,0.108,,
20695,0.108,,
20696,0.113,,
20697,0.112,,
20698,0.107,,
20699,0.102,,
20700,0.098,,
20701,0.097,,
20702,0.103,,
20703,0.098,,
20704,0.104,,
20705,0.104,,
20706,0.103,,
20707,0.104,,
20708,0.104,,
20709,0.106,,
20710,0.105,,
20711,0.105,,
20712,0.107,,
20713,0.108,,
20714,0.108,,
20715,0.11,,
20716,0.111,,
20717,0.113,,
20718,0.113,,
20719,0.113,,
20720,0.113,,
20721,0.113,,
20722,0.103,,
20723,0.107,,
20724,0.107,,
20725,0.107,,
20726,0.112,,
20727,0.107,,
20728,0.107,,
20729,0.112,,
20730,0.107,,
20731,0.112,,
20732,0.102,,
20733,0.107,,
20734,0.112,,
20735,0.113,,
20736,0.113,,
20737,0.113,,
20738,0.113,,
20739,0.113,,
20740,0.113,,
20741,0.113,,
20742,0.113,,
20743,0.113,,
20744,0.113,,
20745,0.113,,
20746,0.108,,
20747,0.107,,
20748,0.107,,
20749,0.116,,
20750,0.107,,
20751,0.112,,
20752,0.107,,
20753,0.102,,
20754,0.107,,
20755,0.112,,
20756,0.116,,
20757,0.112,,
20758,0.112,,
20759,0.117,,
20760,0.117,,
20761,0.112,,
20762,0.116,,
20763,0.117,,
20764,0.117,,
20765,0.117,,
20766,0.116,,
20767,0.112,,
20768,0.107,,
20769,0.117,,
20770,0.11,,
20771,0.113,,
20772,0.116,,
20773,0.112,,
20774,0.112,,
20775,0.117,,
20776,0.112,,
20777,0.117,,
20778,0.112,,
20779,0.108,,
20780,0.11,,
20781,0.113,,
20782,0.118,,
20783,0.112,,
20784,0.107,,
20785,0.113,,
20786,0.112,,
20787,0.116,,
20788,0.117,,
20789,0.117,,
20790,0.114,,
20791,0.113,,
20792,0.122,,
20793,0.122,,
20794,0.125,,
20795,0.116,,
20796,0.118,,
20797,0.122,,
20798,0.122,,
20799,0.122,,
20800,0.118,,
20801,0.118,,
20802,0.113,,
20803,0.113,,
20804,0.113,,
20805,0.119,,
20806,0.123,,
20807,0.118,,
20808,0.118,,
20809,0.114,,
20810,0.118,,
20811,0.119,,
20812,0.117,,
20813,0.108,,
20814,0.108,,
20815,0.103,,
20816,0.099,,
20817,0.103,,
20818,0.105,,
20819,0.099,,
20820,0.103,,
20821,0.104,,
20822,0.095,,
20823,0.1,,
20824,0.096,,
20825,0.09,,
20826,0.084,,
20827,0.08,,
20828,0.084,,
20829,0.085,,
20830,0.085,,
20831,0.081,,
20832,0.076,,
20833,0.071,,
20834,0.073,,
20835,0.071,,
20836,0.071,,
20837,0.067,,
20838,0.061,,
20839,0.067,,
20840,0.062,,
20841,0.058,,
20842,0.053,,
20843,0.053,,
20844,0.048,,
20845,0.044,,
20846,0.043,,
20847,0.034,,
20848,0.035,,
20849,0.041,,
20850,0.03,,
20851,0.03,,
20852,0.025,,
20853,0.016,,
20854,0.015,,
20855,0.011,,
20856,0.006,,
20857,-0.003,,
20858,0.001,,
20859,0.002,,
20860,-0.005,,
20861,-0.008,,
20862,-0.012,,
20863,-0.012,,
20864,-0.022,,
20865,-0.031,,
20866,-0.031,,
20867,-0.031,,
20868,-0.047,,
20869,-0.056,,
20870,-0.051,,
20871,-0.061,,
20872,-0.062,,
20873,-0.069,,
20874,-0.069,,
20875,-0.069,,
20876,-0.088,,
20877,-0.089,,
20878,-0.088,,
20879,-0.093,,
20880,-0.093,,
20881,-0.108,,
20882,-0.108,,
20883,-0.11,,
20884,-0.116,,
20885,-0.114,,
20886,-0.118,,
20887,-0.119,,
20888,-0.119,,
20889,-0.119,,
20890,-0.121,,
20891,-0.126,,
20892,-0.134,,
20893,-0.124,,
20894,-0.136,,
20895,-0.134,,
20896,-0.124,,
20897,-0.134,,
20898,-0.129,,
20899,-0.129,,
20900,-0.134,,
20901,-0.134,,
20902,-0.138,,
20903,-0.138,,
20904,-0.134,,
20905,-0.138,,
20906,-0.143,,
20907,-0.138,,
20908,-0.143,,
20909,-0.144,,
20910,-0.139,,
20911,-0.139,,
20912,-0.144,,
20913,-0.144,,
20914,-0.139,,
20915,-0.149,,
20916,-0.149,,
20917,-0.149,,
20918,-0.139,,
20919,-0.139,,
20920,-0.144,,
20921,-0.148,,
20922,-0.143,,
20923,-0.143,,
20924,-0.143,,
20925,-0.143,,
20926,-0.143,,
20927,-0.153,,
20928,-0.152,,
20929,-0.148,,
20930,-0.154,,
20931,-0.152,,
20932,-0.152,,
20933,-0.157,,
20934,-0.156,,
20935,-0.156,,
20936,-0.17,,
20937,-0.171,,
20938,-0.171,,
20939,-0.174,,
20940,-0.185,,
20941,-0.194,,
20942,-0.189,,
20943,-0.193,,
20944,-0.202,,
20945,-0.208,,
20946,-0.222,,
20947,-0.231,,
20948,-0.241,,
20949,-0.246,,
20950,-0.26,,
20951,-0.266,,
20952,-0.281,,
20953,-0.298,,
20954,-0.311,,
20955,-0.335,,
20956,-0.354,,
20957,-0.391,,
20958,-0.411,,
20959,-0.448,,
20960,-0.486,,
20961,-0.524,,
20962,-0.562,,
20963,-0.614,,
20964,-0.657,,
20965,-0.696,,
20966,-0.751,,
20967,-0.794,,
20968,-0.846,,
20969,-0.903,,
20970,-0.969,,
20971,-1.035,,
20972,-1.087,,
20973,-1.158,,
20974,-1.225,,
20975,-1.296,,
20976,-1.372,,
20977,-1.429,,
20978,-1.49,,
20979,-1.547,,
20980,-1.585,,
20981,-1.642,,
20982,-1.68,,
20983,-1.718,,
20984,-1.756,,
20985,-1.795,,
20986,-1.828,,
20987,-1.871,,
20988,-1.901,,
20989,-1.938,,
20990,-1.984,,
20991,-2.026,,
20992,-2.069,,
20993,-2.121,,
20994,-2.156,,
20995,-2.202,,
20996,-2.253,,
20997,-2.302,,
20998,-2.34,,
20999,-2.364,,
21000,-2.368,,
21001,-2.371,,
21002,-2.373,,
21003,-2.355,,
21004,-2.33,,
21005,-2.306,,
21006,-2.274,,
21007,-2.249,,
21008,-2.212,,
21009,-2.175,,
21010,-2.132,,
21011,-2.108,,
21012,-2.08,,
21013,-2.056,,
21014,-2.037,,
21015,-2.013,,
21016,-1.984,,
21017,-1.951,,
21018,-1.923,,
21019,-1.895,,
21020,-1.866,,
21021,-1.84,,
21022,-1.822,,
21023,-1.795,,
21024,-1.772,,
21025,-1.749,,
21026,-1.723,,
21027,-1.696,,
21028,-1.672,,
21029,-1.649,,
21030,-1.63,,
21031,-1.606,,
21032,-1.585,,
21033,-1.571,,
21034,-1.558,,
21035,-1.544,,
21036,-1.535,,
21037,-1.516,,
21038,-1.502,,
21039,-1.491,,
21040,-1.482,,
21041,-1.473,,
21042,-1.467,,
21043,-1.466,,
21044,-1.464,,
21045,-1.468,,
21046,-1.477,,
21047,-1.482,,
21048,-1.491,,
21049,-1.506,,
21050,-1.52,,
21051,-1.534,,
21052,-1.552,,
21053,-1.572,,
21054,-1.605,,
21055,-1.643,,
21056,-1.681,,
21057,-1.704,,
21058,-1.746,,
21059,-1.78,,
21060,-1.809,,
21061,-1.837,,
21062,-1.87,,
21063,-1.893,,
21064,-1.918,,
21065,-1.947,,
21066,-1.966,,
21067,-1.98,,
21068,-1.994,,
21069,-1.999,,
21070,-2.012,,
21071,-2.013,,
21072,-2.013,,
21073,-2.008,,
21074,-1.999,,
21075,-1.994,,
21076,-1.98,,
21077,-1.962,,
21078,-1.954,,
21079,-1.941,,
21080,-1.927,,
21081,-1.908,,
21082,-1.895,,
21083,-1.885,,
21084,-1.871,,
21085,-1.852,,
21086,-1.838,,
21087,-1.823,,
21088,-1.809,,
21089,-1.8,,
21090,-1.786,,
21091,-1.774,,
21092,-1.76,,
21093,-1.745,,
21094,-1.736,,
21095,-1.719,,
21096,-1.719,,
21097,-1.703,,
21098,-1.701,,
21099,-1.7,,
21100,-1.705,,
21101,-1.71,,
21102,-1.711,,
21103,-1.712,,
21104,-1.714,,
21105,-1.71,,
21106,-1.704,,
21107,-1.705,,
21108,-1.691,,
21109,-1.677,,
21110,-1.658,,
21111,-1.639,,
21112,-1.62,,
21113,-1.606,,
21114,-1.577,,
21115,-1.563,,
21116,-1.544,,
21117,-1.53,,
21118,-1.511,,
21119,-1.497,,
21120,-1.488,,
21121,-1.478,,
21122,-1.459,,
21123,-1.459,,
21124,-1.454,,
21125,-1.44,,
21126,-1.44,,
21127,-1.43,,
21128,-1.421,,
21129,-1.421,,
21130,-1.417,,
21131,-1.402,,
21132,-1.398,,
21133,-1.383,,
21134,-1.369,,
21135,-1.364,,
21136,-1.346,,
21137,-1.341,,
21138,-1.327,,
21139,-1.322,,
21140,-1.308,,
21141,-1.298,,
21142,-1.289,,
21143,-1.279,,
21144,-1.265,,
21145,-1.255,,
21146,-1.251,,
21147,-1.237,,
21148,-1.222,,
21149,-1.213,,
21150,-1.198,,
21151,-1.194,,
21152,-1.175,,
21153,-1.17,,
21154,-1.156,,
21155,-1.147,,
21156,-1.147,,
21157,-1.137,,
21158,-1.128,,
21159,-1.118,,
21160,-1.109,,
21161,-1.099,,
21162,-1.099,,
21163,-1.099,,
21164,-1.099,,
21165,-1.099,,
21166,-1.104,,
21167,-1.113,,
21168,-1.113,,
21169,-1.119,,
21170,-1.118,,
21171,-1.118,,
21172,-1.114,,
21173,-1.099,,
21174,-1.1,,
21175,-1.094,,
21176,-1.085,,
21177,-1.08,,
21178,-1.071,,
21179,-1.066,,
21180,-1.061,,
21181,-1.052,,
21182,-1.042,,
21183,-1.042,,
21184,-1.038,,
21185,-1.038,,
21186,-1.033,,
21187,-1.042,,
21188,-1.043,,
21189,-1.043,,
21190,-1.061,,
21191,-1.061,,
21192,-1.062,,
21193,-1.061,,
21194,-1.061,,
21195,-1.061,,
21196,-1.062,,
21197,-1.062,,
21198,-1.062,,
21199,-1.061,,
21200,-1.066,,
21201,-1.066,,
21202,-1.066,,
21203,-1.071,,
21204,-1.071,,
21205,-1.067,,
21206,-1.062,,
21207,-1.062,,
21208,-1.062,,
21209,-1.052,,
21210,-1.047,,
21211,-1.047,,
21212,-1.038,,
21213,-1.038,,
21214,-1.032,,
21215,-1.024,,
21216,-1.01,,
21217,-1.016,,
21218,-1.018,,
21219,-1.014,,
21220,-1.014,,
21221,-1.014,,
21222,-1.004,,
21223,-1.004,,
21224,-1.004,,
21225,-1,,
21226,-1,,
21227,-1.001,,
21228,-0.996,,
21229,-0.99,,
21230,-0.987,,
21231,-0.98,,
21232,-0.975,,
21233,-0.976,,
21234,-0.975,,
21235,-0.976,,
21236,-0.976,,
21237,-0.976,,
21238,-0.971,,
21239,-0.975,,
21240,-0.976,,
21241,-0.976,,
21242,-0.976,,
21243,-0.976,,
21244,-0.976,,
21245,-0.976,,
21246,-0.976,,
21247,-0.976,,
21248,-0.976,,
21249,-0.976,,
21250,-0.981,,
21251,-0.98,,
21252,-0.98,,
21253,-0.985,,
21254,-0.985,,
21255,-0.99,,
21256,-0.99,,
21257,-0.99,,
21258,-0.995,,
21259,-0.999,,
21260,-0.994,,
21261,-1,,
21262,-1.009,,
21263,-1.009,,
21264,-1.009,,
21265,-1.004,,
21266,-1.009,,
21267,-1.009,,
21268,-1.004,,
21269,-1.004,,
21270,-0.999,,
21271,-1.004,,
21272,-0.995,,
21273,-0.999,,
21274,-1,,
21275,-0.995,,
21276,-0.995,,
21277,-0.995,,
21278,-1.004,,
21279,-1,,
21280,-1.004,,
21281,-1.009,,
21282,-1.009,,
21283,-1.023,,
21284,-1.042,,
21285,-1.066,,
21286,-1.079,,
21287,-1.103,,
21288,-1.118,,
21289,-1.129,,
21290,-1.142,,
21291,-1.151,,
21292,-1.16,,
21293,-1.16,,
21294,-1.161,,
21295,-1.161,,
21296,-1.165,,
21297,-1.165,,
21298,-1.16,,
21299,-1.164,,
21300,-1.165,,
21301,-1.152,,
21302,-1.155,,
21303,-1.152,,
21304,-1.147,,
21305,-1.138,,
21306,-1.137,,
21307,-1.128,,
21308,-1.119,,
21309,-1.119,,
21310,-1.104,,
21311,-1.104,,
21312,-1.1,,
21313,-1.085,,
21314,-1.086,,
21315,-1.076,,
21316,-1.066,,
21317,-1.052,,
21318,-1.047,,
21319,-1.042,,
21320,-1.028,,
21321,-1.019,,
21322,-1.005,,
21323,-1,,
21324,-0.991,,
21325,-0.986,,
21326,-0.981,,
21327,-0.967,,
21328,-0.967,,
21329,-0.953,,
21330,-0.945,,
21331,-0.938,,
21332,-0.938,,
21333,-0.933,,
21334,-0.926,,
21335,-0.934,,
21336,-0.934,,
21337,-0.927,,
21338,-0.925,,
21339,-0.924,,
21340,-0.924,,
21341,-0.922,,
21342,-0.923,,
21343,-0.916,,
21344,-0.914,,
21345,-0.905,,
21346,-0.905,,
21347,-0.905,,
21348,-0.9,,
21349,-0.9,,
21350,-0.9,,
21351,-0.9,,
21352,-0.9,,
21353,-0.9,,
21354,-0.9,,
21355,-0.9,,
21356,-0.904,,
21357,-0.902,,
21358,-0.9,,
21359,-0.9,,
21360,-0.9,,
21361,-0.9,,
21362,-0.9,,
21363,-0.9,,
21364,-0.901,,
21365,-0.905,,
21366,-0.905,,
21367,-0.905,,
21368,-0.905,,
21369,-0.914,,
21370,-0.915,,
21371,-0.914,,
21372,-0.919,,
21373,-0.919,,
21374,-0.919,,
21375,-0.92,,
21376,-0.925,,
21377,-0.925,,
21378,-0.931,,
21379,-0.933,,
21380,-0.932,,
21381,-0.932,,
21382,-0.928,,
21383,-0.928,,
21384,-0.934,,
21385,-0.929,,
21386,-0.93,,
21387,-0.929,,
21388,-0.92,,
21389,-0.92,,
21390,-0.915,,
21391,-0.91,,
21392,-0.91,,
21393,-0.91,,
21394,-0.906,,
21395,-0.896,,
21396,-0.893,,
21397,-0.891,,
21398,-0.886,,
21399,-0.891,,
21400,-0.881,,
21401,-0.886,,
21402,-0.885,,
21403,-0.891,,
21404,-0.895,,
21405,-0.9,,
21406,-0.9,,
21407,-0.905,,
21408,-0.915,,
21409,-0.919,,
21410,-0.929,,
21411,-0.938,,
21412,-0.947,,
21413,-0.948,,
21414,-0.957,,
21415,-0.961,,
21416,-0.971,,
21417,-0.976,,
21418,-0.981,,
21419,-0.987,,
21420,-0.993,,
21421,-0.991,,
21422,-0.995,,
21423,-1.004,,
21424,-1.004,,
21425,-1.01,,
21426,-1.009,,
21427,-1.013,,
21428,-1.019,,
21429,-1.023,,
21430,-1.023,,
21431,-1.028,,
21432,-1.032,,
21433,-1.032,,
21434,-1.033,,
21435,-1.043,,
21436,-1.051,,
21437,-1.056,,
21438,-1.056,,
21439,-1.061,,
21440,-1.065,,
21441,-1.07,,
21442,-1.071,,
21443,-1.085,,
21444,-1.084,,
21445,-1.084,,
21446,-1.098,,
21447,-1.098,,
21448,-1.108,,
21449,-1.122,,
21450,-1.131,,
21451,-1.145,,
21452,-1.161,,
21453,-1.169,,
21454,-1.187,,
21455,-1.206,,
21456,-1.234,,
21457,-1.254,,
21458,-1.274,,
21459,-1.309,,
21460,-1.33,,
21461,-1.363,,
21462,-1.387,,
21463,-1.415,,
21464,-1.434,,
21465,-1.466,,
21466,-1.491,,
21467,-1.525,,
21468,-1.548,,
21469,-1.567,,
21470,-1.591,,
21471,-1.614,,
21472,-1.638,,
21473,-1.657,,
21474,-1.673,,
21475,-1.695,,
21476,-1.723,,
21477,-1.747,,
21478,-1.766,,
21479,-1.804,,
21480,-1.823,,
21481,-1.86,,
21482,-1.877,,
21483,-1.902,,
21484,-1.937,,
21485,-1.956,,
21486,-1.994,,
21487,-2.015,,
21488,-2.037,,
21489,-2.07,,
21490,-2.094,,
21491,-2.116,,
21492,-2.151,,
21493,-2.165,,
21494,-2.18,,
21495,-2.203,,
21496,-2.213,,
21497,-2.232,,
21498,-2.237,,
21499,-2.238,,
21500,-2.261,,
21501,-2.261,,
21502,-2.251,,
21503,-2.251,,
21504,-2.242,,
21505,-2.242,,
21506,-2.222,,
21507,-2.223,,
21508,-2.218,,
21509,-2.202,,
21510,-2.195,,
21511,-2.179,,
21512,-2.175,,
21513,-2.166,,
21514,-2.156,,
21515,-2.146,,
21516,-2.137,,
21517,-2.137,,
21518,-2.137,,
21519,-2.137,,
21520,-2.132,,
21521,-2.132,,
21522,-2.142,,
21523,-2.137,,
21524,-2.137,,
21525,-2.142,,
21526,-2.15,,
21527,-2.16,,
21528,-2.151,,
21529,-2.151,,
21530,-2.142,,
21531,-2.142,,
21532,-2.142,,
21533,-2.144,,
21534,-2.136,,
21535,-2.137,,
21536,-2.128,,
21537,-2.127,,
21538,-2.118,,
21539,-2.109,,
21540,-2.109,,
21541,-2.085,,
21542,-2.08,,
21543,-2.076,,
21544,-2.061,,
21545,-2.056,,
21546,,,
21547,-2.055,,
21548,-2.061,,
21549,-2.08,,
21550,-2.089,,
21551,-2.103,,
21552,-2.124,,
21553,-2.132,,
21554,-2.146,,
21555,-2.156,,
21556,-2.162,,
21557,-2.161,,
21558,-2.161,,
21559,-2.151,,
21560,-2.146,,
21561,-2.143,,
21562,-2.142,,
21563,-2.123,,
21564,-2.108,,
21565,-2.09,,
21566,-2.075,,
21567,-2.056,,
21568,-2.037,,
21569,-2.011,,
21570,-2.003,,
21571,-1.975,,
21572,-1.952,,
21573,-1.937,,
21574,-1.919,,
21575,-1.904,,
21576,-1.89,,
21577,-1.871,,
21578,-1.852,,
21579,-1.841,,
21580,-1.833,,
21581,-1.815,,
21582,-1.805,,
21583,-1.79,,
21584,-1.777,,
21585,-1.775,,
21586,-1.776,,
21587,-1.762,,
21588,-1.757,,
21589,-1.762,,
21590,-1.758,,
21591,-1.758,,
21592,-1.749,,
21593,-1.748,,
21594,-1.747,,
21595,-1.744,,
21596,-1.743,,
21597,-1.739,,
21598,-1.739,,
21599,-1.734,,
21600,-1.736,,
21601,-1.734,,
21602,-1.734,,
21603,-1.734,,
21604,-1.725,,
21605,-1.724,,
21606,-1.715,,
21607,-1.706,,
21608,-1.701,,
21609,-1.7,,
21610,-1.695,,
21611,-1.687,,
21612,-1.687,,
21613,-1.677,,
21614,-1.68,,
21615,-1.672,,
21616,-1.673,,
21617,-1.668,,
21618,-1.663,,
21619,-1.658,,
21620,-1.658,,
21621,-1.655,,
21622,-1.651,,
21623,-1.645,,
21624,-1.644,,
21625,-1.643,,
21626,-1.639,,
21627,-1.635,,
21628,-1.625,,
21629,-1.621,,
21630,-1.615,,
21631,-1.607,,
21632,-1.596,,
21633,-1.592,,
21634,-1.587,,
21635,-1.572,,
21636,-1.563,,
21637,-1.554,,
21638,-1.549,,
21639,-1.545,,
21640,-1.53,,
21641,-1.526,,
21642,-1.521,,
21643,-1.507,,
21644,-1.505,,
21645,-1.492,,
21646,-1.48,,
21647,-1.474,,
21648,-1.464,,
21649,-1.459,,
21650,-1.454,,
21651,-1.449,,
21652,-1.438,,
21653,-1.435,,
21654,-1.423,,
21655,-1.421,,
21656,-1.421,,
21657,-1.416,,
21658,-1.409,,
21659,-1.417,,
21660,-1.412,,
21661,-1.407,,
21662,-1.41,,
21663,-1.417,,
21664,-1.412,,
21665,-1.416,,
21666,-1.417,,
21667,-1.416,,
21668,-1.426,,
21669,-1.431,,
21670,-1.426,,
21671,-1.426,,
21672,-1.422,,
21673,-1.422,,
21674,-1.426,,
21675,-1.431,,
21676,-1.421,,
21677,-1.421,,
21678,-1.426,,
21679,-1.417,,
21680,-1.417,,
21681,-1.417,,
21682,-1.412,,
21683,-1.412,,
21684,-1.412,,
21685,-1.412,,
21686,-1.407,,
21687,-1.402,,
21688,-1.398,,
21689,-1.398,,
21690,-1.393,,
21691,-1.393,,
21692,-1.388,,
21693,-1.379,,
21694,-1.379,,
21695,-1.374,,
21696,-1.374,,
21697,-1.365,,
21698,-1.36,,
21699,-1.36,,
21700,-1.36,,
21701,-1.355,,
21702,-1.355,,
21703,-1.346,,
21704,-1.346,,
21705,-1.341,,
21706,-1.334,,
21707,-1.334,,
21708,-1.327,,
21709,-1.328,,
21710,-1.324,,
21711,-1.327,,
21712,-1.321,,
21713,-1.317,,
21714,-1.317,,
21715,-1.31,,
21716,-1.308,,
21717,-1.307,,
21718,-1.303,,
21719,-1.303,,
21720,-1.3,,
21721,-1.303,,
21722,-1.299,,
21723,-1.299,,
21724,-1.299,,
21725,-1.299,,
21726,-1.299,,
21727,-1.295,,
21728,-1.296,,
21729,-1.296,,
21730,-1.294,,
21731,-1.291,,
21732,-1.289,,
21733,-1.289,,
21734,-1.284,,
21735,-1.279,,
21736,-1.27,,
21737,-1.269,,
21738,-1.269,,
21739,-1.265,,
21740,-1.265,,
21741,-1.264,,
21742,-1.264,,
21743,-1.269,,
21744,-1.269,,
21745,-1.269,,
21746,-1.27,,
21747,-1.269,,
21748,-1.269,,
21749,-1.265,,
21750,-1.26,,
21751,-1.26,,
21752,-1.262,,
21753,-1.265,,
21754,-1.26,,
21755,-1.264,,
21756,-1.264,,
21757,-1.269,,
21758,-1.274,,
21759,-1.274,,
21760,-1.274,,
21761,-1.278,,
21762,-1.283,,
21763,-1.288,,
21764,-1.288,,
21765,-1.298,,
21766,-1.303,,
21767,-1.308,,
21768,-1.312,,
21769,-1.322,,
21770,-1.322,,
21771,-1.328,,
21772,-1.336,,
21773,-1.337,,
21774,-1.341,,
21775,-1.344,,
21776,-1.346,,
21777,-1.341,,
21778,-1.348,,
21779,-1.352,,
21780,-1.349,,
21781,-1.359,,
21782,-1.359,,
21783,-1.365,,
21784,-1.354,,
21785,-1.368,,
21786,-1.368,,
21787,-1.368,,
21788,-1.368,,
21789,-1.378,,
21790,-1.388,,
21791,-1.392,,
21792,-1.399,,
21793,-1.402,,
21794,-1.411,,
21795,-1.425,,
21796,-1.431,,
21797,-1.44,,
21798,-1.45,,
21799,-1.46,,
21800,-1.46,,
21801,-1.474,,
21802,-1.474,,
21803,-1.488,,
21804,-1.5,,
21805,-1.507,,
21806,-1.517,,
21807,-1.52,,
21808,-1.519,,
21809,-1.519,,
21810,-1.521,,
21811,-1.525,,
21812,-1.526,,
21813,-1.525,,
21814,-1.53,,
21815,-1.525,,
21816,-1.525,,
21817,-1.53,,
21818,-1.525,,
21819,-1.526,,
21820,-1.521,,
21821,-1.511,,
21822,-1.516,,
21823,-1.512,,
21824,-1.507,,
21825,-1.507,,
21826,-1.501,,
21827,-1.492,,
21828,-1.478,,
21829,-1.478,,
21830,-1.478,,
21831,-1.474,,
21832,-1.464,,
21833,-1.459,,
21834,-1.459,,
21835,-1.454,,
21836,-1.446,,
21837,-1.451,,
21838,-1.441,,
21839,-1.441,,
21840,-1.44,,
21841,-1.44,,
21842,-1.435,,
21843,-1.431,,
21844,-1.431,,
21845,-1.421,,
21846,-1.423,,
21847,-1.426,,
21848,-1.427,,
21849,-1.425,,
21850,-1.422,,
21851,-1.417,,
21852,-1.417,,
21853,-1.417,,
21854,-1.412,,
21855,-1.412,,
21856,-1.412,,
21857,-1.412,,
21858,-1.402,,
21859,-1.398,,
21860,-1.398,,
21861,-1.393,,
21862,-1.398,,
21863,-1.388,,
21864,-1.388,,
21865,-1.385,,
21866,-1.383,,
21867,-1.384,,
21868,-1.383,,
21869,-1.375,,
21870,-1.374,,
21871,-1.377,,
21872,-1.378,,
21873,-1.374,,
21874,-1.375,,
21875,-1.374,,
21876,-1.374,,
21877,-1.374,,
21878,-1.369,,
21879,-1.37,,
21880,-1.364,,
21881,-1.365,,
21882,-1.36,,
21883,-1.355,,
21884,-1.36,,
21885,-1.355,,
21886,-1.355,,
21887,-1.355,,
21888,-1.351,,
21889,-1.355,,
21890,-1.351,,
21891,-1.351,,
21892,-1.346,,
21893,-1.341,,
21894,-1.337,,
21895,-1.336,,
21896,-1.337,,
21897,-1.336,,
21898,-1.327,,
21899,-1.322,,
21900,-1.322,,
21901,-1.318,,
21902,-1.317,,
21903,-1.317,,
21904,-1.313,,
21905,-1.308,,
21906,-1.308,,
21907,-1.303,,
21908,-1.303,,
21909,-1.298,,
21910,-1.298,,
21911,-1.298,,
21912,-1.293,,
21913,-1.289,,
21914,-1.289,,
21915,-1.285,,
21916,-1.288,,
21917,-1.285,,
21918,-1.285,,
21919,-1.285,,
21920,-1.282,,
21921,-1.28,,
21922,-1.275,,
21923,-1.275,,
21924,-1.27,,
21925,-1.275,,
21926,-1.266,,
21927,-1.261,,
21928,-1.256,,
21929,-1.257,,
21930,-1.252,,
21931,-1.247,,
21932,-1.242,,
21933,-1.238,,
21934,-1.237,,
21935,-1.233,,
21936,-1.223,,
21937,-1.223,,
21938,-1.218,,
21939,-1.218,,
21940,-1.214,,
21941,-1.204,,
21942,-1.199,,
21943,-1.199,,
21944,-1.19,,
21945,-1.19,,
21946,-1.185,,
21947,-1.18,,
21948,-1.171,,
21949,-1.176,,
21950,-1.171,,
21951,-1.166,,
21952,-1.157,,
21953,-1.161,,
21954,-1.152,,
21955,-1.143,,
21956,-1.142,,
21957,-1.143,,
21958,-1.128,,
21959,-1.124,,
21960,-1.124,,
21961,-1.115,,
21962,-1.11,,
21963,-1.105,,
21964,-1.104,,
21965,-1.091,,
21966,-1.09,,
21967,-1.09,,
21968,-1.09,,
21969,-1.085,,
21970,-1.074,,
21971,-1.062,,
21972,-1.061,,
21973,-1.061,,
21974,-1.052,,
21975,-1.047,,
21976,-1.038,,
21977,-1.037,,
21978,-1.032,,
21979,-1.032,,
21980,-1.027,,
21981,-1.027,,
21982,-1.027,,
21983,-1.022,,
21984,-1.032,,
21985,-1.027,,
21986,-1.023,,
21987,-1.023,,
21988,-1.033,,
21989,-1.029,,
21990,-1.033,,
21991,-1.035,,
21992,-1.042,,
21993,-1.042,,
21994,-1.042,,
21995,-1.042,,
21996,-1.051,,
21997,-1.057,,
21998,-1.062,,
21999,-1.071,,
22000,-1.066,,
22001,-1.076,,
22002,-1.076,,
22003,-1.075,,
22004,-1.075,,
22005,-1.081,,
22006,-1.089,,
22007,-1.086,,
22008,-1.098,,
22009,-1.099,,
22010,-1.108,,
22011,-1.109,,
22012,-1.118,,
22013,-1.113,,
22014,-1.132,,
22015,-1.137,,
22016,-1.14,,
22017,-1.142,,
22018,-1.152,,
22019,-1.161,,
22020,-1.161,,
22021,-1.171,,
22022,-1.171,,
22023,-1.175,,
22024,-1.18,,
22025,-1.19,,
22026,-1.203,,
22027,-1.204,,
22028,-1.209,,
22029,-1.218,,
22030,-1.223,,
22031,-1.228,,
22032,-1.228,,
22033,-1.242,,
22034,-1.242,,
22035,-1.242,,
22036,-1.246,,
22037,-1.251,,
22038,-1.256,,
22039,-1.256,,
22040,-1.261,,
22041,-1.261,,
22042,-1.266,,
22043,-1.27,,
22044,-1.275,,
22045,-1.27,,
22046,-1.275,,
22047,-1.275,,
22048,-1.275,,
22049,-1.275,,
22050,-1.28,,
22051,-1.275,,
22052,-1.275,,
22053,-1.275,,
22054,-1.28,,
22055,-1.275,,
22056,-1.275,,
22057,-1.274,,
22058,-1.275,,
22059,-1.273,,
22060,-1.272,,
22061,-1.271,,
22062,-1.267,,
22063,-1.265,,
22064,-1.265,,
22065,-1.26,,
22066,-1.258,,
22067,-1.256,,
22068,-1.257,,
22069,-1.255,,
22070,-1.255,,
22071,-1.246,,
22072,-1.254,,
22073,-1.254,,
22074,-1.254,,
22075,-1.25,,
22076,-1.254,,
22077,-1.254,,
22078,-1.254,,
22079,-1.259,,
22080,-1.268,,
22081,-1.268,,
22082,-1.278,,
22083,-1.287,,
22084,-1.285,,
22085,-1.302,,
22086,-1.304,,
22087,-1.315,,
22088,-1.325,,
22089,-1.334,,
22090,-1.344,,
22091,-1.353,,
22092,-1.365,,
22093,-1.387,,
22094,-1.397,,
22095,-1.401,,
22096,-1.42,,
22097,-1.443,,
22098,-1.459,,
22099,-1.468,,
22100,-1.482,,
22101,-1.501,,
22102,-1.521,,
22103,-1.534,,
22104,-1.553,,
22105,-1.563,,
22106,-1.582,,
22107,-1.606,,
22108,-1.625,,
22109,-1.644,,
22110,-1.664,,
22111,-1.678,,
22112,-1.692,,
22113,-1.711,,
22114,-1.726,,
22115,-1.744,,
22116,-1.764,,
22117,-1.768,,
22118,-1.787,,
22119,-1.806,,
22120,-1.81,,
22121,-1.825,,
22122,-1.831,,
22123,-1.848,,
22124,-1.863,,
22125,-1.868,,
22126,-1.882,,
22127,-1.887,,
22128,-1.891,,
22129,-1.906,,
22130,-1.91,,
22131,-1.91,,
22132,-1.924,,
22133,-1.924,,
22134,-1.924,,
22135,-1.929,,
22136,-1.934,,
22137,-1.934,,
22138,-1.943,,
22139,-1.939,,
22140,-1.943,,
22141,-1.943,,
22142,-1.943,,
22143,-1.943,,
22144,-1.939,,
22145,-1.935,,
22146,-1.943,,
22147,-1.938,,
22148,-1.938,,
22149,-1.934,,
22150,-1.938,,
22151,-1.929,,
22152,-1.934,,
22153,-1.924,,
22154,-1.924,,
22155,-1.919,,
22156,-1.92,,
22157,-1.915,,
22158,-1.91,,
22159,-1.91,,
22160,-1.905,,
22161,-1.9,,
22162,-1.896,,
22163,-1.896,,
22164,-1.891,,
22165,-1.886,,
22166,-1.881,,
22167,-1.876,,
22168,-1.867,,
22169,-1.867,,
22170,-1.863,,
22171,-1.858,,
22172,-1.853,,
22173,-1.843,,
22174,-1.844,,
22175,-1.839,,
22176,-1.839,,
22177,-1.829,,
22178,-1.825,,
22179,-1.82,,
22180,-1.815,,
22181,-1.809,,
22182,-1.801,,
22183,-1.801,,
22184,-1.796,,
22185,-1.791,,
22186,-1.787,,
22187,-1.782,,
22188,-1.777,,
22189,-1.773,,
22190,-1.768,,
22191,-1.767,,
22192,-1.758,,
22193,-1.753,,
22194,-1.754,,
22195,-1.743,,
22196,-1.754,,
22197,-1.744,,
22198,-1.744,,
22199,-1.739,,
22200,-1.73,,
22201,-1.735,,
22202,-1.725,,
22203,-1.725,,
22204,-1.728,,
22205,-1.72,,
22206,-1.72,,
22207,-1.72,,
22208,-1.721,,
22209,-1.716,,
22210,-1.711,,
22211,-1.701,,
22212,-1.702,,
22213,-1.701,,
22214,-1.692,,
22215,-1.682,,
22216,-1.678,,
22217,-1.673,,
22218,-1.663,,
22219,-1.645,,
22220,-1.635,,
22221,-1.616,,
22222,-1.588,,
22223,-1.569,,
22224,-1.55,,
22225,-1.522,,
22226,-1.493,,
22227,-1.469,,
22228,-1.436,,
22229,-1.417,,
22230,-1.389,,
22231,-1.361,,
22232,-1.342,,
22233,-1.323,,
22234,-1.299,,
22235,-1.28,,
22236,-1.256,,
22237,-1.237,,
22238,-1.223,,
22239,-1.199,,
22240,-1.18,,
22241,-1.158,,
22242,-1.145,,
22243,-1.129,,
22244,-1.115,,
22245,-1.103,,
22246,-1.084,,
22247,-1.07,,
22248,-1.061,,
22249,-1.052,,
22250,-1.031,,
22251,-1.019,,
22252,-1.01,,
22253,-1.005,,
22254,-0.991,,
22255,-0.982,,
22256,-0.972,,
22257,-0.958,,
22258,-0.953,,
22259,-0.939,,
22260,-0.934,,
22261,-0.921,,
22262,-0.915,,
22263,-0.911,,
22264,-0.906,,
22265,-0.896,,
22266,-0.892,,
22267,-0.882,,
22268,-0.878,,
22269,-0.872,,
22270,-0.863,,
22271,-0.863,,
22272,-0.853,,
22273,-0.844,,
22274,-0.844,,
22275,-0.835,,
22276,-0.833,,
22277,-0.829,,
22278,-0.821,,
22279,-0.816,,
22280,-0.809,,
22281,-0.809,,
22282,-0.796,,
22283,-0.799,,
22284,-0.801,,
22285,-0.799,,
22286,-0.787,,
22287,-0.787,,
22288,-0.787,,
22289,-0.787,,
22290,-0.783,,
22291,-0.792,,
22292,-0.793,,
22293,-0.783,,
22294,-0.783,,
22295,-0.785,,
22296,-0.791,,
22297,-0.79,,
22298,-0.797,,
22299,-0.798,,
22300,-0.803,,
22301,-0.798,,
22302,-0.808,,
22303,-0.807,,
22304,-0.803,,
22305,-0.803,,
22306,-0.808,,
22307,-0.807,,
22308,-0.812,,
22309,-0.812,,
22310,-0.812,,
22311,-0.812,,
22312,-0.812,,
22313,-0.811,,
22314,-0.812,,
22315,-0.808,,
22316,-0.803,,
22317,-0.802,,
22318,-0.803,,
22319,-0.803,,
22320,-0.798,,
22321,-0.798,,
22322,-0.793,,
22323,-0.787,,
22324,-0.788,,
22325,-0.788,,
22326,-0.788,,
22327,-0.783,,
22328,-0.788,,
22329,-0.782,,
22330,-0.778,,
22331,-0.778,,
22332,-0.778,,
22333,-0.771,,
22334,-0.768,,
22335,-0.768,,
22336,-0.768,,
22337,-0.768,,
22338,-0.763,,
22339,-0.762,,
22340,-0.759,,
22341,-0.76,,
22342,-0.76,,
22343,-0.75,,
22344,-0.76,,
22345,-0.755,,
22346,-0.755,,
22347,-0.759,,
22348,-0.755,,
22349,-0.751,,
22350,-0.74,,
22351,-0.749,,
22352,-0.745,,
22353,-0.744,,
22354,-0.74,,
22355,-0.74,,
22356,-0.746,,
22357,-0.75,,
22358,-0.752,,
22359,-0.75,,
22360,-0.745,,
22361,-0.75,,
22362,-0.745,,
22363,-0.746,,
22364,-0.755,,
22365,-0.746,,
22366,-0.746,,
22367,-0.745,,
22368,-0.741,,
22369,-0.745,,
22370,-0.74,,
22371,-0.746,,
22372,-0.741,,
22373,-0.745,,
22374,-0.745,,
22375,-0.74,,
22376,-0.745,,
22377,-0.745,,
22378,-0.745,,
22379,-0.74,,
22380,-0.741,,
22381,-0.745,,
22382,-0.745,,
22383,-0.745,,
22384,-0.745,,
22385,-0.75,,
22386,-0.745,,
22387,-0.745,,
22388,-0.74,,
22389,-0.745,,
22390,-0.74,,
22391,-0.74,,
22392,-0.745,,
22393,-0.745,,
22394,-0.745,,
22395,-0.735,,
22396,-0.742,,
22397,-0.745,,
22398,-0.74,,
22399,-0.74,,
22400,-0.741,,
22401,-0.741,,
22402,-0.741,,
22403,-0.741,,
22404,-0.741,,
22405,-0.741,,
22406,-0.741,,
22407,-0.741,,
22408,-0.736,,
22409,-0.741,,
22410,-0.741,,
22411,-0.741,,
22412,-0.74,,
22413,-0.741,,
22414,-0.741,,
22415,-0.741,,
22416,-0.74,,
22417,-0.741,,
22418,-0.734,,
22419,-0.731,,
22420,-0.73,,
22421,-0.73,,
22422,-0.73,,
22423,-0.73,,
22424,-0.734,,
22425,-0.735,,
22426,-0.73,,
22427,-0.72,,
22428,-0.727,,
22429,-0.729,,
22430,-0.729,,
22431,-0.722,,
22432,-0.724,,
22433,-0.724,,
22434,-0.722,,
22435,-0.72,,
22436,-0.727,,
22437,-0.728,,
22438,-0.724,,
22439,-0.726,,
22440,-0.73,,
22441,-0.731,,
22442,-0.726,,
22443,-0.736,,
22444,-0.736,,
22445,-0.74,,
22446,-0.745,,
22447,-0.751,,
22448,-0.755,,
22449,-0.755,,
22450,-0.76,,
22451,-0.76,,
22452,-0.76,,
22453,-0.769,,
22454,-0.769,,
22455,-0.774,,
22456,-0.778,,
22457,-0.779,,
22458,-0.788,,
22459,-0.797,,
22460,-0.802,,
22461,-0.797,,
22462,-0.807,,
22463,-0.812,,
22464,-0.816,,
22465,-0.816,,
22466,-0.816,,
22467,-0.821,,
22468,-0.821,,
22469,-0.826,,
22470,-0.826,,
22471,-0.83,,
22472,-0.83,,
22473,-0.835,,
22474,-0.83,,
22475,-0.835,,
22476,-0.835,,
22477,-0.835,,
22478,-0.835,,
22479,-0.835,,
22480,-0.835,,
22481,-0.835,,
22482,-0.835,,
22483,-0.835,,
22484,-0.836,,
22485,-0.835,,
22486,-0.835,,
22487,-0.835,,
22488,-0.835,,
22489,-0.83,,
22490,-0.835,,
22491,-0.832,,
22492,-0.831,,
22493,-0.835,,
22494,-0.835,,
22495,-0.835,,
22496,-0.835,,
22497,-0.835,,
22498,-0.825,,
22499,-0.825,,
22500,-0.826,,
22501,-0.825,,
22502,-0.825,,
22503,-0.825,,
22504,-0.825,,
22505,-0.825,,
22506,-0.825,,
22507,-0.825,,
22508,-0.825,,
22509,-0.825,,
22510,-0.821,,
22511,-0.821,,
22512,-0.825,,
22513,-0.815,,
22514,-0.808,,
22515,-0.816,,
22516,-0.821,,
22517,-0.812,,
22518,-0.816,,
22519,-0.813,,
22520,-0.821,,
22521,-0.817,,
22522,-0.821,,
22523,-0.815,,
22524,-0.82,,
22525,-0.821,,
22526,-0.818,,
22527,-0.816,,
22528,-0.821,,
22529,-0.826,,
22530,-0.82,,
22531,-0.825,,
22532,-0.82,,
22533,-0.822,,
22534,-0.818,,
22535,-0.817,,
22536,-0.815,,
22537,-0.815,,
22538,-0.815,,
22539,-0.815,,
22540,-0.816,,
22541,-0.813,,
22542,-0.811,,
22543,-0.81,,
22544,-0.812,,
22545,-0.81,,
22546,-0.806,,
22547,-0.805,,
22548,-0.81,,
22549,-0.81,,
22550,-0.808,,
22551,-0.81,,
22552,-0.81,,
22553,-0.82,,
22554,-0.825,,
22555,-0.82,,
22556,-0.825,,
22557,-0.825,,
22558,-0.825,,
22559,-0.825,,
22560,-0.83,,
22561,-0.83,,
22562,-0.835,,
22563,-0.844,,
22564,-0.841,,
22565,-0.849,,
22566,-0.853,,
22567,-0.859,,
22568,-0.861,,
22569,-0.872,,
22570,-0.878,,
22571,-0.879,,
22572,-0.883,,
22573,-0.889,,
22574,-0.891,,
22575,-0.896,,
22576,-0.901,,
22577,-0.908,,
22578,-0.913,,
22579,-0.916,,
22580,-0.925,,
22581,-0.925,,
22582,-0.934,,
22583,-0.94,,
22584,-0.944,,
22585,-0.949,,
22586,-0.953,,
22587,-0.954,,
22588,-0.954,,
22589,-0.968,,
22590,-0.968,,
22591,-0.972,,
22592,-0.973,,
22593,-0.984,,
22594,-0.987,,
22595,-0.987,,
22596,-0.991,,
22597,-0.999,,
22598,-0.999,,
22599,-1.001,,
22600,-1.001,,
22601,-1,,
22602,-1.005,,
22603,-1.01,,
22604,-1.005,,
22605,-1,,
22606,-0.995,,
22607,-1.005,,
22608,-1.005,,
22609,-1.005,,
22610,-1.005,,
22611,-1.003,,
22612,-0.996,,
22613,-0.995,,
22614,-0.99,,
22615,-0.995,,
22616,-0.991,,
22617,-0.991,,
22618,-0.986,,
22619,-0.981,,
22620,-0.976,,
22621,-0.976,,
22622,-0.982,,
22623,-0.982,,
22624,-0.981,,
22625,-0.971,,
22626,-0.971,,
22627,-0.972,,
22628,-0.974,,
22629,-0.981,,
22630,-0.976,,
22631,-0.977,,
22632,-0.976,,
22633,-0.976,,
22634,-0.972,,
22635,-0.977,,
22636,-0.977,,
22637,-0.984,,
22638,-0.986,,
22639,-0.986,,
22640,-0.986,,
22641,-0.986,,
22642,-0.985,,
22643,-0.989,,
22644,-0.991,,
22645,-0.987,,
22646,-0.991,,
22647,-0.99,,
22648,-0.986,,
22649,-0.991,,
22650,-0.995,,
22651,-0.995,,
22652,-0.996,,
22653,-0.995,,
22654,-1.005,,
22655,-0.996,,
22656,-1,,
22657,-1,,
22658,-1,,
22659,-0.995,,
22660,-0.996,,
22661,-0.995,,
22662,-0.999,,
22663,-0.999,,
22664,-1.001,,
22665,-1.002,,
22666,-1.002,,
22667,-1.006,,
22668,-1.001,,
22669,-1.006,,
22670,-1.006,,
22671,-0.996,,
22672,-0.995,,
22673,-0.995,,
22674,-0.995,,
22675,-0.996,,
22676,-0.995,,
22677,-0.996,,
22678,-0.995,,
22679,-0.994,,
22680,-0.996,,
22681,-0.996,,
22682,-0.995,,
22683,-0.991,,
22684,-0.995,,
22685,-0.991,,
22686,-0.99,,
22687,-0.988,,
22688,-0.991,,
22689,-0.991,,
22690,-0.991,,
22691,-0.991,,
22692,-0.991,,
22693,-0.977,,
22694,-0.986,,
22695,-0.987,,
22696,-0.987,,
22697,-0.991,,
22698,-0.987,,
22699,-0.986,,
22700,-0.987,,
22701,-0.987,,
22702,-0.987,,
22703,-0.987,,
22704,-0.987,,
22705,-0.986,,
22706,-0.991,,
22707,-0.991,,
22708,-0.996,,
22709,-0.991,,
22710,-0.991,,
22711,-0.988,,
22712,-0.99,,
22713,-0.986,,
22714,-0.99,,
22715,-0.99,,
22716,-0.996,,
22717,-0.985,,
22718,-0.986,,
22719,-0.981,,
22720,-0.99,,
22721,-0.991,,
22722,-0.984,,
22723,-0.985,,
22724,-0.985,,
22725,-0.983,,
22726,-0.98,,
22727,-0.976,,
22728,-0.971,,
22729,-0.971,,
22730,-0.97,,
22731,-0.972,,
22732,-0.965,,
22733,-0.965,,
22734,-0.965,,
22735,-0.96,,
22736,-0.965,,
22737,-0.965,,
22738,-0.961,,
22739,-0.97,,
22740,-0.978,,
22741,-0.976,,
22742,-0.976,,
22743,-0.98,,
22744,-0.981,,
22745,-0.98,,
22746,-0.981,,
22747,-0.985,,
22748,-0.99,,
22749,-1,,
22750,-0.999,,
22751,-0.99,,
22752,-0.999,,
22753,-1.008,,
22754,-1.008,,
22755,-1.018,,
22756,-1.018,,
22757,-1.022,,
22758,-1.027,,
22759,-1.032,,
22760,-1.037,,
22761,-1.046,,
22762,-1.046,,
22763,-1.047,,
22764,-1.061,,
22765,-1.066,,
22766,-1.075,,
22767,-1.075,,
22768,-1.08,,
22769,-1.094,,
22770,-1.094,,
22771,-1.104,,
22772,-1.113,,
22773,-1.118,,
22774,-1.132,,
22775,-1.132,,
22776,-1.132,,
22777,-1.151,,
22778,-1.151,,
22779,-1.165,,
22780,-1.165,,
22781,-1.174,,
22782,-1.181,,
22783,-1.198,,
22784,-1.208,,
22785,-1.208,,
22786,-1.212,,
22787,-1.232,,
22788,-1.241,,
22789,-1.251,,
22790,-1.256,,
22791,-1.262,,
22792,-1.27,,
22793,-1.28,,
22794,-1.29,,
22795,-1.299,,
22796,-1.299,,
22797,-1.308,,
22798,-1.318,,
22799,-1.318,,
22800,-1.337,,
22801,-1.334,,
22802,-1.332,,
22803,-1.346,,
22804,-1.352,,
22805,-1.36,,
22806,-1.367,,
22807,-1.364,,
22808,-1.379,,
22809,-1.378,,
22810,-1.388,,
22811,-1.402,,
22812,-1.407,,
22813,-1.411,,
22814,-1.416,,
22815,-1.417,,
22816,-1.424,,
22817,-1.432,,
22818,-1.436,,
22819,-1.441,,
22820,-1.45,,
22821,-1.446,,
22822,-1.456,,
22823,-1.469,,
22824,-1.47,,
22825,-1.469,,
22826,-1.474,,
22827,-1.479,,
22828,-1.484,,
22829,-1.484,,
22830,-1.484,,
22831,-1.494,,
22832,-1.498,,
22833,-1.503,,
22834,-1.503,,
22835,-1.51,,
22836,-1.511,,
22837,-1.512,,
22838,-1.517,,
22839,-1.512,,
22840,-1.512,,
22841,-1.512,,
22842,-1.512,,
22843,-1.512,,
22844,-1.511,,
22845,-1.503,,
22846,-1.503,,
22847,-1.493,,
22848,-1.488,,
22849,-1.481,,
22850,-1.474,,
22851,-1.46,,
22852,-1.459,,
22853,-1.445,,
22854,-1.437,,
22855,-1.426,,
22856,-1.413,,
22857,-1.413,,
22858,-1.407,,
22859,-1.403,,
22860,-1.394,,
22861,-1.384,,
22862,-1.374,,
22863,-1.365,,
22864,-1.367,,
22865,-1.349,,
22866,-1.346,,
22867,-1.337,,
22868,-1.333,,
22869,-1.327,,
22870,-1.318,,
22871,-1.313,,
22872,-1.313,,
22873,-1.299,,
22874,-1.299,,
22875,-1.291,,
22876,-1.283,,
22877,-1.277,,
22878,-1.272,,
22879,-1.266,,
22880,-1.266,,
22881,-1.266,,
22882,-1.257,,
22883,-1.247,,
22884,-1.243,,
22885,-1.236,,
22886,-1.228,,
22887,-1.228,,
22888,-1.219,,
22889,-1.207,,
22890,-1.2,,
22891,-1.195,,
22892,-1.18,,
22893,-1.176,,
22894,-1.171,,
22895,-1.166,,
22896,-1.156,,
22897,-1.157,,
22898,-1.142,,
22899,-1.138,,
22900,-1.133,,
22901,-1.128,,
22902,-1.119,,
22903,-1.118,,
22904,-1.1,,
22905,-1.09,,
22906,-1.09,,
22907,-1.091,,
22908,-1.086,,
22909,-1.081,,
22910,-1.067,,
22911,-1.066,,
22912,-1.057,,
22913,-1.052,,
22914,-1.043,,
22915,-1.042,,
22916,-1.042,,
22917,-1.03,,
22918,-1.027,,
22919,-1.021,,
22920,-1.018,,
22921,-1.018,,
22922,-1.014,,
22923,-1.008,,
22924,-1.01,,
22925,-1.004,,
22926,-1.004,,
22927,-0.999,,
22928,-0.995,,
22929,-0.998,,
22930,-0.993,,
22931,-0.999,,
22932,-1.005,,
22933,-1.007,,
22934,-1.015,,
22935,-1.02,,
22936,-1.024,,
22937,-1.023,,
22938,-1.027,,
22939,-1.031,,
22940,-1.035,,
22941,-1.038,,
22942,-1.043,,
22943,-1.048,,
22944,-1.065,,
22945,-1.067,,
22946,-1.07,,
22947,-1.08,,
22948,-1.084,,
22949,-1.092,,
22950,-1.097,,
22951,-1.101,,
22952,-1.117,,
22953,-1.124,,
22954,-1.128,,
22955,-1.133,,
22956,-1.143,,
22957,-1.142,,
22958,-1.156,,
22959,-1.166,,
22960,-1.176,,
22961,-1.176,,
22962,-1.181,,
22963,-1.185,,
22964,-1.19,,
22965,-1.195,,
22966,-1.2,,
22967,-1.214,,
22968,-1.214,,
22969,-1.219,,
22970,-1.218,,
22971,-1.228,,
22972,-1.233,,
22973,-1.233,,
22974,-1.233,,
22975,-1.238,,
22976,-1.242,,
22977,-1.237,,
22978,-1.241,,
22979,-1.243,,
22980,-1.247,,
22981,-1.242,,
22982,-1.247,,
22983,-1.247,,
22984,-1.247,,
22985,-1.247,,
22986,-1.243,,
22987,-1.242,,
22988,-1.242,,
22989,-1.237,,
22990,-1.237,,
22991,-1.237,,
22992,-1.236,,
22993,-1.232,,
22994,-1.223,,
22995,-1.222,,
22996,-1.222,,
22997,-1.218,,
22998,-1.218,,
22999,-1.213,,
23000,-1.208,,
23001,-1.208,,
23002,-1.213,,
23003,-1.209,,
23004,-1.199,,
23005,-1.195,,
23006,-1.199,,
23007,-1.195,,
23008,-1.195,,
23009,-1.19,,
23010,-1.186,,
23011,-1.185,,
23012,-1.176,,
23013,-1.18,,
23014,-1.18,,
23015,-1.171,,
23016,-1.165,,
23017,-1.17,,
23018,-1.17,,
23019,-1.163,,
23020,-1.161,,
23021,-1.156,,
23022,-1.156,,
23023,-1.156,,
23024,-1.147,,
23025,-1.147,,
23026,-1.156,,
23027,-1.147,,
23028,-1.147,,
23029,-1.135,,
23030,-1.147,,
23031,-1.138,,
23032,-1.13,,
23033,-1.133,,
23034,-1.128,,
23035,-1.128,,
23036,-1.128,,
23037,-1.13,,
23038,-1.133,,
23039,-1.138,,
23040,-1.138,,
23041,-1.138,,
23042,-1.138,,
23043,-1.138,,
23044,-1.138,,
23045,-1.138,,
23046,-1.138,,
23047,-1.142,,
23048,-1.138,,
23049,-1.143,,
23050,-1.142,,
23051,-1.142,,
23052,-1.143,,
23053,-1.142,,
23054,-1.138,,
23055,-1.144,,
23056,-1.143,,
23057,-1.142,,
23058,-1.138,,
23059,-1.143,,
23060,-1.137,,
23061,-1.138,,
23062,-1.138,,
23063,-1.138,,
23064,-1.139,,
23065,-1.138,,
23066,-1.138,,
23067,-1.133,,
23068,-1.123,,
23069,-1.124,,
23070,-1.123,,
23071,-1.119,,
23072,-1.119,,
23073,-1.121,,
23074,-1.114,,
23075,-1.115,,
23076,-1.105,,
23077,-1.105,,
23078,-1.105,,
23079,-1.105,,
23080,-1.091,,
23081,-1.095,,
23082,-1.09,,
23083,-1.085,,
23084,-1.081,,
23085,-1.081,,
23086,-1.081,,
23087,-1.071,,
23088,-1.066,,
23089,-1.066,,
23090,-1.062,,
23091,-1.062,,
23092,-1.062,,
23093,-1.052,,
23094,-1.043,,
23095,-1.043,,
23096,-1.043,,
23097,-1.043,,
23098,-1.034,,
23099,-1.029,,
23100,-1.024,,
23101,-1.024,,
23102,-1.024,,
23103,-1.015,,
23104,-1.015,,
23105,-1.015,,
23106,-1.005,,
23107,-1.005,,
23108,-1.006,,
23109,-1.002,,
23110,-0.995,,
23111,-0.983,,
23112,-0.981,,
23113,-0.986,,
23114,-0.976,,
23115,-0.976,,
23116,-0.977,,
23117,-0.977,,
23118,-0.976,,
23119,-0.976,,
23120,-0.967,,
23121,-0.957,,
23122,-0.958,,
23123,-0.957,,
23124,-0.958,,
23125,-0.959,,
23126,-0.952,,
23127,-0.948,,
23128,-0.94,,
23129,-0.939,,
23130,-0.938,,
23131,-0.939,,
23132,-0.939,,
23133,-0.939,,
23134,-0.939,,
23135,-0.939,,
23136,-0.934,,
23137,-0.939,,
23138,-0.934,,
23139,-0.934,,
23140,-0.934,,
23141,-0.929,,
23142,-0.924,,
23143,-0.924,,
23144,-0.919,,
23145,-0.919,,
23146,-0.92,,
23147,-0.92,,
23148,-0.916,,
23149,-0.916,,
23150,-0.914,,
23151,-0.91,,
23152,-0.915,,
23153,-0.915,,
23154,-0.919,,
23155,-0.915,,
23156,-0.92,,
23157,-0.92,,
23158,-0.916,,
23159,-0.91,,
23160,-0.91,,
23161,-0.909,,
23162,-0.91,,
23163,-0.9,,
23164,-0.905,,
23165,-0.905,,
23166,-0.909,,
23167,-0.905,,
23168,-0.907,,
23169,-0.914,,
23170,-0.909,,
23171,-0.904,,
23172,-0.915,,
23173,-0.92,,
23174,-0.915,,
23175,-0.92,,
23176,-0.915,,
23177,-0.915,,
23178,-0.915,,
23179,-0.916,,
23180,-0.914,,
23181,-0.913,,
23182,-0.913,,
23183,-0.917,,
23184,-0.917,,
23185,-0.913,,
23186,-0.922,,
23187,-0.927,,
23188,-0.927,,
23189,-0.932,,
23190,-0.932,,
23191,-0.932,,
23192,-0.934,,
23193,-0.942,,
23194,-0.942,,
23195,-0.947,,
23196,-0.957,,
23197,-0.958,,
23198,-0.976,,
23199,-0.973,,
23200,-0.976,,
23201,-0.98,,
23202,-0.98,,
23203,-0.987,,
23204,-0.996,,
23205,-1,,
23206,-1.004,,
23207,-1.009,,
23208,-1.017,,
23209,-1.023,,
23210,-1.029,,
23211,-1.043,,
23212,-1.043,,
23213,-1.048,,
23214,-1.066,,
23215,-1.072,,
23216,-1.077,,
23217,-1.081,,
23218,-1.086,,
23219,-1.095,,
23220,-1.1,,
23221,-1.117,,
23222,-1.12,,
23223,-1.129,,
23224,-1.135,,
23225,-1.139,,
23226,-1.147,,
23227,-1.157,,
23228,-1.158,,
23229,-1.172,,
23230,-1.179,,
23231,-1.188,,
23232,-1.199,,
23233,-1.205,,
23234,-1.206,,
23235,-1.209,,
23236,-1.223,,
23237,-1.228,,
23238,-1.232,,
23239,-1.237,,
23240,-1.25,,
23241,-1.256,,
23242,-1.261,,
23243,-1.275,,
23244,-1.28,,
23245,-1.28,,
23246,-1.28,,
23247,-1.299,,
23248,-1.299,,
23249,-1.304,,
23250,-1.308,,
23251,-1.313,,
23252,-1.318,,
23253,-1.318,,
23254,-1.323,,
23255,-1.337,,
23256,-1.328,,
23257,-1.332,,
23258,-1.337,,
23259,-1.346,,
23260,-1.346,,
23261,-1.343,,
23262,-1.35,,
23263,-1.351,,
23264,-1.354,,
23265,-1.359,,
23266,-1.357,,
23267,-1.367,,
23268,-1.371,,
23269,-1.378,,
23270,-1.382,,
23271,-1.377,,
23272,-1.384,,
23273,-1.379,,
23274,-1.379,,
23275,-1.378,,
23276,-1.383,,
23277,-1.387,,
23278,-1.387,,
23279,-1.392,,
23280,-1.392,,
23281,-1.395,,
23282,-1.398,,
23283,-1.402,,
23284,-1.402,,
23285,-1.407,,
23286,-1.412,,
23287,-1.421,,
23288,-1.421,,
23289,-1.427,,
23290,-1.427,,
23291,-1.435,,
23292,-1.432,,
23293,-1.438,,
23294,-1.445,,
23295,-1.447,,
23296,-1.445,,
23297,-1.45,,
23298,-1.45,,
23299,-1.459,,
23300,-1.459,,
23301,-1.469,,
23302,-1.479,,
23303,-1.482,,
23304,-1.488,,
23305,-1.488,,
23306,-1.493,,
23307,-1.497,,
23308,-1.493,,
23309,-1.497,,
23310,-1.507,,
23311,-1.512,,
23312,-1.507,,
23313,-1.511,,
23314,-1.521,,
23315,-1.526,,
23316,-1.527,,
23317,-1.533,,
23318,-1.536,,
23319,-1.536,,
23320,-1.541,,
23321,-1.545,,
23322,-1.546,,
23323,-1.543,,
23324,-1.54,,
23325,-1.554,,
23326,-1.549,,
23327,-1.545,,
23328,-1.544,,
23329,-1.549,,
23330,-1.554,,
23331,-1.559,,
23332,-1.559,,
23333,-1.564,,
23334,-1.561,,
23335,-1.562,,
23336,-1.563,,
23337,-1.554,,
23338,-1.558,,
23339,-1.569,,
23340,-1.564,,
23341,-1.56,,
23342,-1.564,,
23343,-1.562,,
23344,-1.559,,
23345,-1.559,,
23346,-1.559,,
23347,-1.559,,
23348,-1.554,,
23349,-1.554,,
23350,-1.553,,
23351,-1.549,,
23352,-1.549,,
23353,-1.549,,
23354,-1.554,,
23355,-1.549,,
23356,-1.544,,
23357,-1.544,,
23358,-1.544,,
23359,-1.549,,
23360,-1.548,,
23361,-1.545,,
23362,-1.544,,
23363,-1.538,,
23364,-1.544,,
23365,-1.535,,
23366,-1.538,,
23367,-1.535,,
23368,-1.53,,
23369,-1.534,,
23370,-1.529,,
23371,-1.532,,
23372,-1.535,,
23373,-1.525,,
23374,-1.52,,
23375,-1.52,,
23376,-1.515,,
23377,-1.521,,
23378,-1.515,,
23379,-1.516,,
23380,-1.51,,
23381,-1.51,,
23382,-1.505,,
23383,-1.505,,
23384,-1.492,,
23385,-1.496,,
23386,-1.493,,
23387,-1.49,,
23388,-1.489,,
23389,-1.489,,
23390,-1.48,,
23391,-1.479,,
23392,-1.482,,
23393,-1.473,,
23394,-1.473,,
23395,-1.463,,
23396,-1.459,,
23397,-1.463,,
23398,-1.455,,
23399,-1.453,,
23400,-1.448,,
23401,-1.448,,
23402,-1.449,,
23403,-1.447,,
23404,-1.439,,
23405,-1.436,,
23406,-1.426,,
23407,-1.42,,
23408,-1.428,,
23409,-1.421,,
23410,-1.425,,
23411,-1.411,,
23412,-1.418,,
23413,-1.416,,
23414,-1.412,,
23415,-1.412,,
23416,-1.411,,
23417,-1.408,,
23418,-1.393,,
23419,-1.402,,
23420,-1.392,,
23421,-1.396,,
23422,-1.397,,
23423,-1.4,,
23424,-1.402,,
23425,-1.402,,
23426,-1.398,,
23427,-1.397,,
23428,-1.397,,
23429,-1.393,,
23430,-1.392,,
23431,-1.392,,
23432,-1.394,,
23433,-1.397,,
23434,-1.383,,
23435,-1.388,,
23436,-1.388,,
23437,-1.388,,
23438,-1.386,,
23439,-1.384,,
23440,-1.383,,
23441,-1.382,,
23442,-1.378,,
23443,-1.379,,
23444,-1.383,,
23445,-1.373,,
23446,-1.373,,
23447,-1.374,,
23448,-1.378,,
23449,-1.374,,
23450,-1.372,,
23451,-1.368,,
23452,-1.376,,
23453,-1.373,,
23454,-1.373,,
23455,-1.373,,
23456,-1.368,,
23457,-1.36,,
23458,-1.364,,
23459,-1.364,,
23460,-1.364,,
23461,-1.364,,
23462,-1.364,,
23463,-1.36,,
23464,-1.355,,
23465,-1.354,,
23466,-1.354,,
23467,-1.353,,
23468,-1.347,,
23469,-1.345,,
23470,-1.345,,
23471,-1.345,,
23472,-1.34,,
23473,-1.34,,
23474,-1.335,,
23475,-1.335,,
23476,-1.335,,
23477,-1.336,,
23478,-1.336,,
23479,-1.335,,
23480,-1.326,,
23481,-1.322,,
23482,-1.334,,
23483,-1.326,,
23484,-1.32,,
23485,-1.322,,
23486,-1.327,,
23487,-1.327,,
23488,-1.319,,
23489,-1.316,,
23490,-1.308,,
23491,-1.321,,
23492,-1.316,,
23493,-1.314,,
23494,-1.308,,
23495,-1.308,,
23496,-1.311,,
23497,-1.306,,
23498,-1.311,,
23499,-1.306,,
23500,-1.306,,
23501,-1.297,,
23502,-1.297,,
23503,-1.306,,
23504,-1.301,,
23505,-1.302,,
23506,-1.307,,
23507,-1.303,,
23508,-1.3,,
23509,-1.308,,
23510,-1.304,,
23511,-1.317,,
23512,-1.308,,
23513,-1.317,,
23514,-1.308,,
23515,-1.312,,
23516,-1.322,,
23517,-1.316,,
23518,-1.316,,
23519,-1.318,,
23520,-1.321,,
23521,-1.321,,
23522,-1.326,,
23523,-1.33,,
23524,-1.334,,
23525,-1.33,,
23526,-1.34,,
23527,-1.349,,
23528,-1.349,,
23529,-1.354,,
23530,-1.359,,
23531,-1.355,,
23532,-1.366,,
23533,-1.379,,
23534,-1.381,,
23535,-1.38,,
23536,-1.384,,
23537,-1.381,,
23538,-1.384,,
23539,-1.387,,
23540,-1.389,,
23541,-1.405,,
23542,-1.405,,
23543,-1.405,,
23544,-1.41,,
23545,-1.415,,
23546,-1.434,,
23547,-1.425,,
23548,-1.435,,
23549,-1.44,,
23550,-1.454,,
23551,-1.454,,
23552,-1.461,,
23553,-1.464,,
23554,-1.479,,
23555,-1.488,,
23556,-1.488,,
23557,-1.493,,
23558,-1.507,,
23559,-1.507,,
23560,-1.521,,
23561,-1.516,,
23562,-1.526,,
23563,-1.53,,
23564,-1.545,,
23565,-1.545,,
23566,-1.549,,
23567,-1.564,,
23568,-1.564,,
23569,-1.573,,
23570,-1.582,,
23571,-1.583,,
23572,-1.592,,
23573,-1.597,,
23574,-1.601,,
23575,-1.606,,
23576,-1.611,,
23577,-1.614,,
23578,-1.621,,
23579,-1.621,,
23580,-1.629,,
23581,-1.629,,
23582,-1.637,,
23583,-1.644,,
23584,-1.658,,
23585,-1.648,,
23586,-1.653,,
23587,-1.66,,
23588,-1.657,,
23589,-1.662,,
23590,-1.667,,
23591,-1.667,,
23592,-1.672,,
23593,-1.68,,
23594,-1.686,,
23595,-1.687,,
23596,-1.687,,
23597,-1.686,,
23598,-1.695,,
23599,-1.696,,
23600,-1.702,,
23601,-1.701,,
23602,-1.698,,
23603,-1.705,,
23604,-1.715,,
23605,-1.719,,
23606,-1.715,,
23607,-1.721,,
23608,-1.715,,
23609,-1.725,,
23610,-1.724,,
23611,-1.724,,
23612,-1.734,,
23613,-1.734,,
23614,-1.734,,
23615,-1.739,,
23616,-1.734,,
23617,-1.738,,
23618,-1.747,,
23619,-1.748,,
23620,-1.748,,
23621,-1.75,,
23622,-1.757,,
23623,-1.757,,
23624,-1.753,,
23625,-1.753,,
23626,-1.758,,
23627,-1.761,,
23628,-1.76,,
23629,-1.762,,
23630,-1.767,,
23631,-1.77,,
23632,-1.773,,
23633,-1.772,,
23634,-1.774,,
23635,-1.766,,
23636,-1.772,,
23637,-1.771,,
23638,-1.769,,
23639,-1.766,,
23640,-1.771,,
23641,-1.766,,
23642,-1.766,,
23643,-1.766,,
23644,-1.771,,
23645,-1.766,,
23646,-1.77,,
23647,-1.771,,
23648,-1.766,,
23649,-1.769,,
23650,-1.77,,
23651,-1.768,,
23652,-1.772,,
23653,-1.781,,
23654,-1.774,,
23655,-1.783,,
23656,-1.785,,
23657,-1.783,,
23658,-1.786,,
23659,-1.79,,
23660,-1.79,,
23661,-1.79,,
23662,-1.787,,
23663,-1.791,,
23664,-1.79,,
23665,-1.8,,
23666,-1.799,,
23667,-1.809,,
23668,-1.809,,
23669,-1.809,,
23670,-1.814,,
23671,-1.823,,
23672,-1.818,,
23673,-1.828,,
23674,-1.828,,
23675,-1.828,,
23676,-1.832,,
23677,-1.833,,
23678,-1.845,,
23679,-1.847,,
23680,-1.847,,
23681,-1.847,,
23682,-1.847,,
23683,-1.847,,
23684,-1.856,,
23685,-1.857,,
23686,-1.866,,
23687,-1.866,,
23688,-1.866,,
23689,-1.866,,
23690,-1.866,,
23691,-1.866,,
23692,-1.866,,
23693,-1.871,,
23694,-1.871,,
23695,-1.871,,
23696,-1.871,,
23697,-1.87,,
23698,-1.871,,
23699,-1.874,,
23700,-1.873,,
23701,-1.876,,
23702,-1.876,,
23703,-1.872,,
23704,-1.87,,
23705,-1.866,,
23706,-1.877,,
23707,-1.876,,
23708,-1.866,,
23709,-1.871,,
23710,-1.866,,
23711,-1.865,,
23712,-1.866,,
23713,-1.857,,
23714,-1.856,,
23715,-1.857,,
23716,-1.864,,
23717,-1.857,,
23718,-1.857,,
23719,-1.857,,
23720,-1.847,,
23721,-1.846,,
23722,-1.852,,
23723,-1.844,,
23724,-1.847,,
23725,-1.846,,
23726,-1.844,,
23727,-1.843,,
23728,-1.842,,
23729,-1.84,,
23730,-1.832,,
23731,-1.829,,
23732,-1.832,,
23733,-1.827,,
23734,-1.823,,
23735,-1.824,,
23736,-1.822,,
23737,-1.813,,
23738,-1.808,,
23739,-1.813,,
23740,-1.813,,
23741,-1.803,,
23742,-1.803,,
23743,-1.801,,
23744,-1.805,,
23745,-1.796,,
23746,-1.8,,
23747,-1.798,,
23748,-1.803,,
23749,-1.803,,
23750,-1.804,,
23751,-1.799,,
23752,-1.801,,
23753,-1.796,,
23754,-1.794,,
23755,-1.789,,
23756,-1.798,,
23757,-1.795,,
23758,-1.79,,
23759,-1.795,,
23760,-1.785,,
23761,-1.785,,
23762,-1.785,,
23763,-1.789,,
23764,-1.782,,
23765,-1.79,,
23766,-1.79,,
23767,-1.79,,
23768,-1.79,,
23769,-1.795,,
23770,-1.798,,
23771,-1.8,,
23772,-1.8,,
23773,-1.8,,
23774,-1.8,,
23775,-1.8,,
23776,-1.8,,
23777,-1.8,,
23778,-1.802,,
23779,-1.805,,
23780,-1.805,,
23781,-1.804,,
23782,-1.801,,
23783,-1.805,,
23784,-1.809,,
23785,-1.803,,
23786,-1.809,,
23787,-1.8,,
23788,-1.804,,
23789,-1.809,,
23790,-1.809,,
23791,-1.809,,
23792,-1.8,,
23793,-1.81,,
23794,-1.804,,
23795,-1.811,,
23796,-1.806,,
23797,-1.81,,
23798,-1.812,,
23799,-1.799,,
23800,-1.798,,
23801,-1.795,,
23802,-1.804,,
23803,-1.799,,
23804,-1.789,,
23805,-1.789,,
23806,-1.789,,
23807,-1.789,,
23808,-1.789,,
23809,-1.789,,
23810,-1.78,,
23811,-1.784,,
23812,-1.775,,
23813,-1.773,,
23814,-1.775,,
23815,-1.777,,
23816,-1.771,,
23817,-1.768,,
23818,-1.762,,
23819,-1.766,,
23820,-1.758,,
23821,-1.761,,
23822,-1.762,,
23823,-1.753,,
23824,-1.754,,
23825,-1.751,,
23826,-1.747,,
23827,-1.751,,
23828,-1.734,,
23829,-1.742,,
23830,-1.732,,
23831,-1.732,,
23832,-1.73,,
23833,-1.727,,
23834,-1.718,,
23835,-1.713,,
23836,-1.713,,
23837,-1.712,,
23838,-1.701,,
23839,-1.71,,
23840,-1.705,,
23841,-1.705,,
23842,-1.698,,
23843,-1.699,,
23844,-1.696,,
23845,-1.695,,
23846,-1.691,,
23847,-1.684,,
23848,-1.689,,
23849,-1.68,,
23850,-1.683,,
23851,-1.674,,
23852,-1.676,,
23853,-1.668,,
23854,-1.666,,
23855,-1.667,,
23856,-1.658,,
23857,-1.666,,
23858,-1.657,,
23859,-1.661,,
23860,-1.657,,
23861,-1.652,,
23862,-1.644,,
23863,-1.642,,
23864,-1.646,,
23865,-1.633,,
23866,-1.648,,
23867,-1.642,,
23868,-1.634,,
23869,-1.638,,
23870,-1.641,,
23871,-1.642,,
23872,-1.641,,
23873,-1.639,,
23874,-1.628,,
23875,-1.628,,
23876,-1.628,,
23877,-1.627,,
23878,-1.623,,
23879,-1.628,,
23880,-1.624,,
23881,-1.618,,
23882,-1.617,,
23883,-1.613,,
23884,-1.618,,
23885,-1.614,,
23886,-1.609,,
23887,-1.604,,
23888,-1.609,,
23889,-1.603,,
23890,-1.608,,
23891,-1.606,,
23892,-1.615,,
23893,-1.61,,
23894,-1.608,,
23895,-1.61,,
23896,-1.61,,
23897,-1.61,,
23898,-1.605,,
23899,-1.6,,
23900,-1.599,,
23901,-1.59,,
23902,-1.594,,
23903,-1.599,,
23904,-1.596,,
23905,-1.594,,
23906,-1.599,,
23907,-1.594,,
23908,-1.594,,
23909,-1.594,,
23910,-1.604,,
23911,-1.593,,
23912,-1.595,,
23913,-1.6,,
23914,-1.601,,
23915,-1.604,,
23916,-1.606,,
23917,-1.606,,
23918,-1.605,,
23919,-1.608,,
23920,-1.613,,
23921,-1.612,,
23922,-1.615,,
23923,-1.619,,
23924,-1.61,,
23925,-1.615,,
23926,-1.611,,
23927,-1.623,,
23928,-1.618,,
23929,-1.623,,
23930,-1.633,,
23931,-1.628,,
23932,-1.627,,
23933,-1.625,,
23934,-1.632,,
23935,-1.633,,
23936,-1.639,,
23937,-1.644,,
23938,-1.648,,
23939,-1.657,,
23940,-1.656,,
23941,-1.672,,
23942,-1.669,,
23943,-1.672,,
23944,-1.678,,
23945,-1.679,,
23946,-1.684,,
23947,-1.685,,
23948,-1.685,,
23949,-1.69,,
23950,-1.696,,
23951,-1.699,,
23952,-1.705,,
23953,-1.705,,
23954,-1.708,,
23955,-1.722,,
23956,-1.718,,
23957,-1.718,,
23958,-1.727,,
23959,-1.73,,
23960,-1.732,,
23961,-1.733,,
23962,-1.742,,
23963,-1.755,,
23964,-1.765,,
23965,-1.761,,
23966,-1.771,,
23967,-1.771,,
23968,-1.778,,
23969,-1.785,,
23970,-1.789,,
23971,-1.789,,
23972,-1.789,,
23973,-1.798,,
23974,-1.803,,
23975,-1.803,,
23976,-1.812,,
23977,-1.812,,
23978,-1.819,,
23979,-1.816,,
23980,-1.822,,
23981,-1.831,,
23982,-1.831,,
23983,-1.84,,
23984,-1.837,,
23985,-1.849,,
23986,-1.853,,
23987,-1.861,,
23988,-1.86,,
23989,-1.873,,
23990,-1.875,,
23991,-1.88,,
23992,-1.891,,
23993,-1.885,,
23994,-1.894,,
23995,-1.898,,
23996,-1.893,,
23997,-1.903,,
23998,-1.898,,
23999,-1.903,,
24000,-1.91,,
24001,-1.917,,
24002,-1.913,,
24003,-1.921,,
24004,-1.93,,
24005,-1.926,,
24006,-1.936,,
24007,-1.943,,
24008,-1.942,,
24009,-1.942,,
24010,-1.946,,
24011,-1.958,,
24012,-1.959,,
24013,-1.97,,
24014,-1.968,,
24015,-1.974,,
24016,-1.98,,
24017,-1.977,,
24018,-1.988,,
24019,-1.988,,
24020,-1.988,,
24021,-1.994,,
24022,-1.993,,
24023,-1.997,,
24024,-1.998,,
24025,-2.007,,
24026,-2.012,,
24027,-2.017,,
24028,-2.027,,
24029,-2.026,,
24030,-2.026,,
24031,-2.031,,
24032,-2.036,,
24033,-2.036,,
24034,-2.041,,
24035,-2.036,,
24036,-2.05,,
24037,-2.053,,
24038,-2.055,,
24039,-2.065,,
24040,-2.065,,
24041,-2.069,,
24042,-2.074,,
24043,-2.074,,
24044,-2.074,,
24045,-2.074,,
24046,-2.084,,
24047,-2.093,,
24048,-2.093,,
24049,-2.093,,
24050,-2.093,,
24051,-2.093,,
24052,-2.098,,
24053,-2.093,,
24054,-2.098,,
24055,-2.098,,
24056,-2.097,,
24057,-2.109,,
24058,-2.112,,
24059,-2.112,,
24060,-2.112,,
24061,-2.112,,
24062,-2.113,,
24063,-2.115,,
24064,-2.117,,
24065,-2.112,,
24066,-2.126,,
24067,-2.12,,
24068,-2.126,,
24069,-2.131,,
24070,-2.126,,
24071,-2.131,,
24072,-2.131,,
24073,-2.126,,
24074,-2.13,,
24075,-2.127,,
24076,-2.122,,
24077,-2.124,,
24078,-2.131,,
24079,-2.126,,
24080,-2.117,,
24081,-2.121,,
24082,-2.126,,
24083,-2.126,,
24084,-2.124,,
24085,-2.117,,
24086,-2.117,,
24087,-2.121,,
24088,-2.118,,
24089,-2.115,,
24090,-2.116,,
24091,-2.116,,
24092,-2.113,,
24093,-2.107,,
24094,-2.107,,
24095,-2.107,,
24096,-2.108,,
24097,-2.095,,
24098,-2.093,,
24099,-2.093,,
24100,-2.093,,
24101,-2.093,,
24102,-2.093,,
24103,-2.093,,
24104,-2.079,,
24105,-2.081,,
24106,-2.083,,
24107,-2.072,,
24108,-2.086,,
24109,-2.077,,
24110,-2.074,,
24111,-2.07,,
24112,-2.062,,
24113,-2.065,,
24114,-2.061,,
24115,-2.055,,
24116,-2.055,,
24117,-2.055,,
24118,-2.052,,
24119,-2.05,,
24120,-2.045,,
24121,-2.035,,
24122,-2.036,,
24123,-2.036,,
24124,-2.036,,
24125,-2.036,,
24126,-2.017,,
24127,-2.017,,
24128,-2.021,,
24129,-2.009,,
24130,-2.001,,
24131,-2.002,,
24132,-2.001,,
24133,-2.002,,
24134,-1.993,,
24135,-2,,
24136,-1.993,,
24137,-1.998,,
24138,-1.978,,
24139,-1.978,,
24140,-1.978,,
24141,-1.974,,
24142,-1.959,,
24143,-1.969,,
24144,-1.956,,
24145,-1.959,,
24146,-1.956,,
24147,-1.955,,
24148,-1.945,,
24149,-1.941,,
24150,-1.936,,
24151,-1.932,,
24152,-1.936,,
24153,-1.925,,
24154,-1.926,,
24155,-1.927,,
24156,-1.922,,
24157,-1.916,,
24158,-1.914,,
24159,-1.917,,
24160,-1.916,,
24161,-1.909,,
24162,-1.903,,
24163,-1.903,,
24164,-1.898,,
24165,-1.889,,
24166,-1.889,,
24167,-1.884,,
24168,-1.884,,
24169,-1.884,,
24170,-1.876,,
24171,-1.879,,
24172,-1.879,,
24173,-1.865,,
24174,-1.869,,
24175,-1.87,,
24176,-1.87,,
24177,-1.857,,
24178,-1.863,,
24179,-1.856,,
24180,-1.863,,
24181,-1.865,,
24182,-1.86,,
24183,-1.856,,
24184,-1.853,,
24185,-1.853,,
24186,-1.844,,
24187,-1.831,,
24188,-1.822,,
24189,-1.821,,
24190,-1.813,,
24191,-1.798,,
24192,-1.798,,
24193,-1.798,,
24194,-1.795,,
24195,-1.789,,
24196,-1.789,,
24197,-1.784,,
24198,-1.787,,
24199,-1.782,,
24200,-1.774,,
24201,-1.779,,
24202,-1.775,,
24203,-1.765,,
24204,-1.765,,
24205,-1.764,,
24206,-1.762,,
24207,-1.765,,
24208,-1.764,,
24209,-1.751,,
24210,-1.751,,
24211,-1.751,,
24212,-1.742,,
24213,-1.732,,
24214,-1.728,,
24215,-1.728,,
24216,-1.722,,
24217,-1.722,,
24218,-1.718,,
24219,-1.708,,
24220,-1.711,,
24221,-1.713,,
24222,-1.699,,
24223,-1.703,,
24224,-1.699,,
24225,-1.697,,
24226,-1.698,,
24227,-1.685,,
24228,-1.685,,
24229,-1.685,,
24230,-1.678,,
24231,-1.661,,
24232,-1.564,,
24233,-1.47,,
24234,-1.377,,
24235,-1.32,,
24236,-1.27,,
24237,-1.23,,
24238,-1.207,,
24239,-1.183,,
24240,-1.173,,
24241,-1.168,,
24242,-1.164,,
24243,-1.159,,
24244,-1.154,,
24245,-1.145,,
24246,-1.138,,
24247,-1.131,,
24248,-1.118,,
24249,-1.115,,
24250,-1.106,,
24251,-1.086,,
24252,-1.036,,
24253,-0.919,,
24254,-0.721,,
24255,-0.528,,
24256,-0.386,,
24257,-0.337,,
24258,-0.304,,
24259,-0.289,,
24260,-0.27,,
24261,-0.266,,
24262,-0.247,,
24263,-0.242,,
24264,-0.232,,
24265,-0.223,,
24266,-0.223,,
24267,-0.218,,
24268,-0.218,,
24269,-0.209,,
24270,-0.209,,
24271,-0.203,,
24272,-0.209,,
24273,-0.193,,
24274,-0.2,,
24275,-0.192,,
24276,-0.195,,
24277,-0.19,,
24278,-0.191,,
24279,-0.193,,
24280,-0.19,,
24281,-0.187,,
24282,-0.183,,
24283,-0.181,,
24284,-0.177,,
24285,-0.173,,
24286,-0.175,,
24287,-0.18,,
24288,-0.166,,
24289,-0.166,,
24290,-0.165,,
24291,-0.165,,
24292,-0.161,,
24293,-0.165,,
24294,-0.161,,
24295,-0.162,,
24296,-0.157,,
24297,-0.153,,
24298,-0.157,,
24299,-0.153,,
24300,-0.152,,
24301,-0.157,,
24302,-0.151,,
24303,-0.152,,
24304,-0.153,,
24305,-0.157,,
24306,-0.152,,
24307,-0.148,,
24308,-0.152,,
24309,-0.146,,
24310,-0.142,,
24311,-0.151,,
24312,-0.142,,
24313,-0.142,,
24314,-0.141,,
24315,-0.142,,
24316,-0.147,,
24317,-0.142,,
24318,-0.142,,
24319,-0.136,,
24320,-0.134,,
24321,-0.14,,
24322,-0.149,,
24323,-0.149,,
24324,-0.143,,
24325,-0.145,,
24326,-0.14,,
24327,-0.145,,
24328,-0.146,,
24329,-0.141,,
24330,-0.143,,
24331,-0.14,,
24332,-0.149,,
24333,-0.143,,
24334,-0.142,,
24335,-0.139,,
24336,-0.14,,
24337,-0.141,,
24338,-0.141,,
24339,-0.142,,
24340,-0.142,,
24341,-0.142,,
24342,-0.142,,
24343,-0.139,,
24344,-0.135,,
24345,-0.134,,
24346,-0.134,,
24347,-0.137,,
24348,-0.14,,
24349,-0.137,,
24350,-0.145,,
24351,-0.135,,
24352,-0.15,,
24353,-0.142,,
24354,-0.133,,
24355,-0.145,,
24356,-0.138,,
24357,-0.142,,
24358,-0.141,,
24359,-0.141,,
24360,-0.136,,
24361,-0.141,,
24362,-0.141,,
24363,-0.134,,
24364,-0.131,,
24365,-0.139,,
24366,-0.141,,
24367,-0.142,,
24368,-0.133,,
24369,-0.133,,
24370,-0.134,,
24371,-0.135,,
24372,-0.14,,
24373,-0.14,,
24374,-0.148,,
24375,-0.148,,
24376,-0.142,,
24377,-0.134,,
24378,-0.147,,
24379,-0.142,,
24380,-0.141,,
24381,-0.141,,
24382,-0.142,,
24383,-0.141,,
24384,-0.133,,
24385,-0.141,,
24386,-0.141,,
24387,-0.141,,
24388,-0.142,,
24389,-0.141,,
24390,-0.142,,
24391,-0.141,,
24392,-0.14,,
24393,-0.144,,
24394,-0.134,,
24395,-0.143,,
24396,-0.144,,
24397,-0.144,,
24398,-0.149,,
24399,-0.148,,
24400,-0.144,,
24401,-0.148,,
24402,-0.143,,
24403,-0.142,,
24404,-0.141,,
24405,-0.137,,
24406,-0.141,,
24407,-0.141,,
24408,-0.141,,
24409,-0.137,,
24410,-0.141,,
24411,-0.146,,
24412,-0.148,,
24413,-0.145,,
24414,-0.131,,
24415,-0.141,,
24416,-0.142,,
24417,-0.137,,
24418,-0.142,,
24419,-0.144,,
24420,-0.145,,
24421,-0.147,,
24422,-0.145,,
24423,-0.146,,
24424,-0.148,,
24425,-0.139,,
24426,-0.148,,
24427,-0.143,,
24428,-0.141,,
24429,-0.133,,
24430,-0.141,,
24431,-0.146,,
24432,-0.131,,
24433,-0.131,,
24434,-0.15,,
24435,-0.146,,
24436,-0.142,,
24437,-0.141,,
24438,-0.138,,
24439,-0.135,,
24440,-0.134,,
24441,-0.135,,
24442,-0.14,,
24443,-0.145,,
24444,-0.14,,
24445,-0.145,,
24446,-0.145,,
24447,-0.149,,
24448,-0.15,,
24449,-0.14,,
24450,-0.149,,
24451,-0.141,,
24452,-0.142,,
24453,-0.134,,
24454,-0.146,,
24455,-0.14,,
24456,-0.136,,
24457,-0.136,,
24458,-0.146,,
24459,-0.146,,
24460,-0.131,,
24461,-0.145,,
24462,-0.132,,
24463,-0.137,,
24464,-0.137,,
24465,-0.134,,
24466,-0.139,,
24467,-0.144,,
24468,-0.146,,
24469,-0.14,,
24470,-0.149,,
24471,-0.14,,
24472,-0.147,,
24473,-0.14,,
24474,-0.14,,
24475,-0.142,,
24476,-0.143,,
24477,-0.141,,
24478,-0.132,,
24479,-0.141,,
24480,-0.141,,
24481,-0.141,,
24482,-0.141,,
24483,-0.141,,
24484,-0.141,,
24485,-0.133,,
24486,-0.142,,
24487,-0.136,,
24488,-0.134,,
24489,-0.14,,
24490,-0.139,,
24491,-0.141,,
24492,-0.135,,
24493,-0.138,,
24494,-0.145,,
24495,-0.141,,
24496,-0.15,,
24497,-0.144,,
24498,-0.139,,
24499,-0.148,,
24500,-0.142,,
24501,-0.138,,
24502,-0.137,,
24503,-0.142,,
24504,-0.137,,
24505,-0.142,,
24506,-0.152,,
24507,-0.144,,
24508,-0.137,,
24509,-0.146,,
24510,-0.133,,
24511,-0.141,,
24512,-0.142,,
24513,-0.142,,
24514,-0.148,,
24515,-0.144,,
24516,-0.139,,
24517,-0.137,,
24518,-0.135,,
24519,-0.144,,
24520,-0.147,,
24521,-0.143,,
24522,-0.134,,
24523,-0.139,,
24524,-0.139,,
24525,-0.137,,
24526,-0.133,,
24527,-0.138,,
24528,-0.133,,
24529,-0.136,,
24530,-0.138,,
24531,-0.142,,
24532,-0.138,,
24533,-0.138,,
24534,-0.134,,
24535,-0.138,,
24536,-0.139,,
24537,-0.137,,
24538,-0.144,,
24539,-0.137,,
24540,-0.135,,
24541,-0.146,,
24542,-0.149,,
24543,-0.148,,
24544,-0.143,,
24545,-0.144,,
24546,-0.143,,
24547,-0.143,,
24548,-0.138,,
24549,-0.138,,
24550,-0.138,,
24551,-0.138,,
24552,-0.138,,
24553,-0.138,,
24554,-0.138,,
24555,-0.138,,
24556,-0.138,,
24557,-0.139,,
24558,-0.143,,
24559,-0.143,,
24560,-0.147,,
24561,-0.137,,
24562,-0.144,,
24563,-0.14,,
24564,-0.14,,
24565,-0.14,,
24566,-0.14,,
24567,-0.147,,
24568,-0.147,,
24569,-0.143,,
24570,-0.138,,
24571,-0.142,,
24572,-0.14,,
24573,-0.137,,
24574,-0.137,,
24575,-0.137,,
24576,-0.142,,
24577,-0.142,,
24578,-0.142,,
24579,-0.143,,
24580,-0.133,,
24581,-0.138,,
24582,-0.133,,
24583,-0.14,,
24584,-0.143,,
24585,-0.142,,
24586,-0.137,,
24587,-0.139,,
24588,-0.135,,
24589,-0.145,,
24590,-0.142,,
24591,-0.149,,
24592,-0.148,,
24593,-0.14,,
24594,-0.138,,
24595,-0.142,,
24596,-0.136,,
24597,-0.142,,
24598,-0.142,,
24599,-0.147,,
24600,-0.139,,
24601,-0.142,,
24602,-0.147,,
24603,-0.142,,
24604,-0.142,,
24605,-0.142,,
24606,-0.142,,
24607,-0.142,,
24608,-0.138,,
24609,-0.141,,
24610,-0.14,,
24611,-0.139,,
24612,-0.139,,
24613,-0.139,,
24614,-0.141,,
24615,-0.141,,
24616,-0.15,,
24617,-0.143,,
24618,-0.143,,
24619,-0.141,,
24620,-0.141,,
24621,-0.146,,
24622,-0.141,,
24623,-0.141,,
24624,-0.141,,
24625,-0.141,,
24626,-0.141,,
24627,-0.132,,
24628,-0.139,,
24629,-0.142,,
24630,-0.138,,
24631,-0.133,,
24632,-0.133,,
24633,-0.138,,
24634,-0.141,,
24635,-0.14,,
24636,-0.137,,
24637,-0.145,,
24638,-0.139,,
24639,-0.139,,
24640,-0.133,,
24641,-0.14,,
24642,-0.134,,
24643,-0.143,,
24644,-0.142,,
24645,-0.132,,
24646,-0.141,,
24647,-0.141,,
24648,-0.132,,
24649,-0.141,,
24650,-0.137,,
24651,-0.141,,
24652,-0.141,,
24653,-0.132,,
24654,-0.142,,
24655,-0.141,,
24656,-0.138,,
24657,-0.135,,
24658,-0.138,,
24659,-0.142,,
24660,-0.136,,
24661,-0.141,,
24662,-0.14,,
24663,-0.145,,
24664,-0.141,,
24665,-0.144,,
24666,-0.145,,
24667,-0.138,,
24668,-0.142,,
24669,-0.142,,
24670,-0.137,,
24671,-0.136,,
24672,-0.136,,
24673,-0.141,,
24674,-0.141,,
24675,-0.142,,
24676,-0.142,,
24677,-0.142,,
24678,-0.143,,
24679,-0.138,,
24680,-0.137,,
24681,-0.138,,
24682,-0.144,,
24683,-0.138,,
24684,-0.136,,
24685,-0.139,,
24686,-0.15,,
24687,-0.146,,
24688,-0.138,,
24689,-0.142,,
24690,-0.138,,
24691,-0.138,,
24692,-0.133,,
24693,-0.142,,
24694,-0.133,,
24695,-0.133,,
24696,-0.147,,
24697,-0.143,,
24698,-0.147,,
24699,-0.146,,
24700,-0.139,,
24701,-0.143,,
24702,-0.147,,
24703,-0.145,,
24704,-0.138,,
24705,-0.133,,
24706,-0.138,,
24707,-0.134,,
24708,-0.141,,
24709,-0.147,,
24710,-0.145,,
24711,-0.147,,
24712,-0.144,,
24713,-0.139,,
24714,-0.146,,
24715,-0.137,,
24716,-0.133,,
24717,-0.133,,
24718,-0.138,,
24719,-0.143,,
24720,-0.142,,
24721,-0.147,,
24722,-0.147,,
24723,-0.142,,
24724,-0.141,,
24725,-0.139,,
24726,-0.138,,
24727,-0.137,,
24728,-0.143,,
24729,-0.142,,
24730,-0.139,,
24731,-0.14,,
24732,-0.149,,
24733,-0.143,,
24734,-0.144,,
24735,-0.145,,
24736,-0.145,,
24737,-0.146,,
24738,-0.14,,
24739,-0.142,,
24740,-0.137,,
24741,-0.133,,
24742,-0.137,,
24743,-0.133,,
24744,-0.133,,
24745,-0.138,,
24746,-0.147,,
24747,-0.145,,
24748,-0.142,,
24749,-0.14,,
24750,-0.133,,
24751,-0.135,,
24752,-0.141,,
24753,-0.142,,
24754,-0.139,,
24755,-0.141,,
24756,-0.143,,
24757,-0.138,,
24758,-0.138,,
24759,-0.144,,
24760,-0.139,,
24761,-0.143,,
24762,-0.138,,
24763,-0.138,,
24764,-0.133,,
24765,-0.133,,
24766,-0.133,,
24767,-0.138,,
24768,-0.138,,
24769,-0.138,,
24770,-0.143,,
24771,-0.142,,
24772,-0.143,,
24773,-0.137,,
24774,-0.137,,
24775,-0.137,,
24776,-0.138,,
24777,-0.143,,
24778,-0.138,,
24779,-0.138,,
24780,-0.138,,
24781,-0.133,,
24782,-0.133,,
24783,-0.138,,
24784,-0.138,,
24785,-0.134,,
24786,-0.138,,
24787,-0.14,,
24788,-0.138,,
24789,-0.138,,
24790,-0.138,,
24791,-0.138,,
24792,-0.142,,
24793,-0.138,,
24794,-0.138,,
24795,-0.133,,
24796,-0.143,,
24797,-0.139,,
24798,-0.134,,
24799,-0.134,,
24800,-0.135,,
24801,-0.139,,
24802,-0.138,,
24803,-0.143,,
24804,-0.139,,
24805,-0.142,,
24806,-0.139,,
24807,-0.143,,
24808,-0.143,,
24809,-0.144,,
24810,-0.136,,
24811,-0.133,,
24812,-0.133,,
24813,-0.133,,
24814,-0.143,,
24815,-0.143,,
24816,-0.143,,
24817,-0.138,,
24818,-0.133,,
24819,-0.133,,
24820,-0.138,,
24821,-0.138,,
24822,-0.135,,
24823,-0.138,,
24824,-0.138,,
24825,-0.143,,
24826,-0.137,,
24827,-0.14,,
24828,-0.145,,
24829,-0.141,,
24830,-0.143,,
24831,-0.145,,
24832,-0.147,,
24833,-0.144,,
24834,-0.145,,
24835,-0.143,,
24836,-0.142,,
24837,-0.134,,
24838,-0.144,,
24839,-0.142,,
24840,-0.142,,
24841,-0.142,,
24842,-0.137,,
24843,-0.142,,
24844,-0.142,,
24845,-0.137,,
24846,-0.135,,
24847,-0.133,,
24848,-0.143,,
24849,-0.136,,
24850,-0.144,,
24851,-0.144,,
24852,-0.144,,
24853,-0.144,,
24854,-0.138,,
24855,-0.148,,
24856,-0.143,,
24857,-0.141,,
24858,-0.14,,
24859,-0.134,,
24860,-0.133,,
24861,-0.133,,
24862,-0.138,,
24863,-0.143,,
24864,-0.142,,
24865,-0.142,,
24866,-0.142,,
24867,-0.142,,
24868,-0.142,,
24869,-0.133,,
24870,-0.137,,
24871,-0.138,,
24872,-0.134,,
24873,-0.136,,
24874,-0.133,,
24875,-0.139,,
24876,-0.144,,
24877,-0.135,,
24878,-0.134,,
24879,-0.138,,
24880,-0.137,,
24881,-0.133,,
24882,-0.138,,
24883,-0.138,,
24884,-0.147,,
24885,-0.137,,
24886,-0.142,,
24887,-0.142,,
24888,-0.142,,
24889,-0.14,,
24890,-0.137,,
24891,-0.136,,
24892,-0.138,,
24893,-0.138,,
24894,-0.134,,
24895,-0.139,,
24896,-0.134,,
24897,-0.134,,
24898,-0.139,,
24899,-0.139,,
24900,-0.144,,
24901,-0.139,,
24902,-0.14,,
24903,-0.139,,
24904,-0.135,,
24905,-0.138,,
24906,-0.133,,
24907,-0.13,,
24908,-0.133,,
24909,-0.137,,
24910,-0.142,,
24911,-0.133,,
24912,-0.136,,
24913,-0.137,,
24914,-0.141,,
24915,-0.137,,
24916,-0.137,,
24917,-0.132,,
24918,-0.133,,
24919,-0.134,,
24920,-0.139,,
24921,-0.134,,
24922,-0.134,,
24923,-0.134,,
24924,-0.135,,
24925,-0.135,,
24926,-0.135,,
24927,-0.135,,
24928,-0.14,,
24929,-0.139,,
24930,-0.138,,
24931,-0.139,,
24932,-0.135,,
24933,-0.131,,
24934,-0.133,,
24935,-0.132,,
24936,-0.133,,
24937,-0.137,,
24938,-0.133,,
24939,-0.131,,
24940,-0.138,,
24941,-0.138,,
24942,-0.132,,
24943,-0.124,,
24944,-0.139,,
24945,-0.128,,
24946,-0.134,,
24947,-0.132,,
24948,-0.13,,
24949,-0.136,,
24950,-0.137,,
24951,-0.137,,
24952,-0.133,,
24953,-0.137,,
24954,-0.128,,
24955,-0.132,,
24956,-0.135,,
24957,-0.13,,
24958,-0.127,,
24959,-0.137,,
24960,-0.135,,
24961,-0.126,,
24962,-0.122,,
24963,-0.122,,
24964,-0.131,,
24965,-0.128,,
24966,-0.133,,
24967,-0.134,,
24968,-0.125,,
24969,-0.133,,
24970,-0.125,,
24971,-0.131,,
24972,-0.125,,
24973,-0.13,,
24974,-0.135,,
24975,-0.13,,
24976,-0.13,,
24977,-0.133,,
24978,-0.136,,
24979,-0.134,,
24980,-0.138,,
24981,-0.133,,
24982,-0.133,,
24983,-0.133,,
24984,-0.133,,
24985,-0.128,,
24986,-0.128,,
24987,-0.128,,
24988,-0.133,,
24989,-0.135,,
24990,-0.132,,
24991,-0.129,,
24992,-0.133,,
24993,-0.128,,
24994,-0.13,,
24995,-0.13,,
24996,-0.135,,
24997,-0.135,,
24998,-0.135,,
24999,-0.14,,
25000,-0.131,,
25001,-0.134,,
25002,-0.133,,
25003,-0.138,,
25004,-0.133,,
25005,-0.139,,
25006,-0.133,,
25007,-0.133,,
25008,-0.132,,
25009,-0.128,,
25010,-0.128,,
25011,-0.136,,
25012,-0.133,,
25013,-0.131,,
25014,-0.129,,
25015,-0.128,,
25016,-0.134,,
25017,-0.129,,
25018,-0.128,,
25019,-0.136,,
25020,-0.13,,
25021,-0.007,,
25022,0.525,,
25023,1.137,,
25024,1.563,,
25025,1.718,,
25026,1.757,,
25027,1.604,,
25028,1.43,,
25029,1.204,,
25030,0.954,,
25031,0.714,,
25032,0.559,,
25033,0.411,,
25034,0.26,,
25035,0.185,,
25036,0.217,,
25037,0.349,,
25038,0.557,,
25039,0.826,,
25040,1.19,,
25041,1.851,,
25042,2.581,,
25043,3.202,,
25044,3.438,,
25045,3.505,,
25046,3.44,,
25047,3.336,,
25048,3.244,,
25049,3.105,,
25050,2.934,,
25051,2.754,,
25052,2.522,,
25053,2.258,,
25054,2.03,,
25055,1.809,,
25056,1.535,,
25057,1.271,,
25058,1.058,,
25059,0.85,,
25060,0.718,,
25061,0.746,,
25062,0.977,,
25063,1.36,,
25064,1.837,,
25065,2.583,,
25066,3.654,,
25067,4.422,,
25068,5.039,,
25069,5.996,,
25070,6.77,,
25071,7.05,,
25072,7.09,,
25073,6.998,,
25074,6.74,,
25075,6.339,,
25076,5.867,,
25077,5.452,,
25078,5.085,,
25079,4.722,,
25080,4.296,,
25081,3.85,,
25082,3.432,,
25083,3.105,,
25084,2.864,,
25085,2.693,,
25086,2.631,,
25087,2.651,,
25088,2.968,,
25089,3.627,,
25090,4.367,,
25091,4.894,,
25092,5.65,,
25093,6.632,,
25094,7.27,,
25095,7.7,,
25096,7.76,,
25097,7.64,,
25098,7.33,,
25099,6.881,,
25100,6.351,,
25101,5.773,,
25102,5.196,,
25103,4.622,,
25104,4.07,,
25105,3.544,,
25106,3.113,,
25107,2.753,,
25108,2.437,,
25109,2.183,,
25110,2.032,,
25111,2.116,,
25112,2.573,,
25113,3.374,,
25114,4.451,,
25115,5.649,,
25116,6.676,,
25117,7.37,,
25118,7.93,,
25119,8.31,,
25120,8.36,,
25121,8.21,,
25122,7.91,,
25123,7.55,,
25124,7.15,,
25125,6.729,,
25126,6.316,,
25127,5.864,,
25128,5.411,,
25129,4.989,,
25130,4.563,,
25131,4.179,,
25132,3.922,,
25133,3.893,,
25134,4.033,,
25135,4.219,,
25136,4.583,,
25137,5.298,,
25138,6.096,,
25139,7.03,,
25140,7.96,,
25141,8.66,,
25142,9.11,,
25143,9.44,,
25144,9.47,,
25145,9.38,,
25146,9.17,,
25147,8.83,,
25148,8.4,,
25149,7.93,,
25150,7.5,,
25151,7.07,,
25152,6.621,,
25153,6.195,,
25154,5.87,,
25155,5.583,,
25156,5.408,,
25157,5.37,,
25158,5.451,,
25159,5.668,,
25160,6.084,,
25161,6.829,,
25162,7.75,,
25163,8.8,,
25164,9.71,,
25165,10.38,,
25166,10.81,,
25167,11.07,,
25168,11.03,,
25169,10.84,,
25170,10.47,,
25171,10.08,,
25172,9.68,,
25173,9.24,,
25174,8.74,,
25175,8.24,,
25176,7.76,,
25177,7.33,,
25178,7.01,,
25179,6.746,,
25180,6.572,,
25181,6.435,,
25182,6.461,,
25183,6.594,,
25184,6.986,,
25185,7.68,,
25186,8.61,,
25187,9.61,,
25188,10.36,,
25189,10.93,,
25190,11.33,,
25191,11.23,,
25192,11.07,,
25193,10.84,,
25194,10.61,,
25195,10.36,,
25196,10.07,,
25197,9.76,,
25198,9.43,,
25199,9.15,,
25200,8.89,,
25201,8.65,,
25202,8.47,,
25203,8.35,,
25204,8.25,,
25205,8.2,,
25206,8.22,,
25207,8.31,,
25208,8.38,,
25209,8.47,,
25210,8.56,,
25211,8.66,,
25212,8.79,,
25213,8.99,,
25214,9.25,,
25215,9.47,,
25216,9.59,,
25217,9.59,,
25218,9.54,,
25219,9.38,,
25220,9.19,,
25221,9,,
25222,8.77,,
25223,8.54,,
25224,8.35,,
25225,8.17,,
25226,8.01,,
25227,7.83,,
25228,7.56,,
25229,7.33,,
25230,7.14,,
25231,6.781,,
25232,6.245,,
25233,6.173,,
25234,6.313,,
25235,6.464,,
25236,6.597,,
25237,6.713,,
25238,6.731,,
25239,6.755,,
25240,6.789,,
25241,6.77,,
25242,6.635,,
25243,6.485,,
25244,6.296,,
25245,6.057,,
25246,5.671,,
25247,5.225,,
25248,4.823,,
25249,4.48,,
25250,4.195,,
25251,3.958,,
25252,3.746,,
25253,3.58,,
25254,3.5,,
25255,3.64,,
25256,4.072,,
25257,4.887,,
25258,6.038,,
25259,7.3,,
25260,8.4,,
25261,9.29,,
25262,9.86,,
25263,10.13,,
25264,10.19,,
25265,10.16,,
25266,9.95,,
25267,9.74,,
25268,9.49,,
25269,9.18,,
25270,8.81,,
25271,8.42,,
25272,8.05,,
25273,7.71,,
25274,7.42,,
25275,7.25,,
25276,7.17,,
25277,7.2,,
25278,7.36,,
25279,7.59,,
25280,7.95,,
25281,8.37,,
25282,8.83,,
25283,9.59,,
25284,10.51,,
25285,11.23,,
25286,11.64,,
25287,11.79,,
25288,11.75,,
25289,11.61,,
25290,11.38,,
25291,11.08,,
25292,10.75,,
25293,10.32,,
25294,9.85,,
25295,9.37,,
25296,8.91,,
25297,8.47,,
25298,8.08,,
25299,7.79,,
25300,7.58,,
25301,7.5,,
25302,7.56,,
25303,7.73,,
25304,8.13,,
25305,8.87,,
25306,9.94,,
25307,11.08,,
25308,12.06,,
25309,12.79,,
25310,13.23,,
25311,13.32,,
25312,13.22,,
25313,13.1,,
25314,12.8,,
25315,12.42,,
25316,12.02,,
25317,11.59,,
25318,11.17,,
25319,10.74,,
25320,10.32,,
25321,9.87,,
25322,9.45,,
25323,9.08,,
25324,8.81,,
25325,8.67,,
25326,8.67,,
25327,8.78,,
25328,9.15,,
25329,9.94,,
25330,11.06,,
25331,12.26,,
25332,13.27,,
25333,14.01,,
25334,14.37,,
25335,14.68,,
25336,14.6,,
25337,14.47,,
25338,14.19,,
25339,13.85,,
25340,13.5,,
25341,13.04,,
25342,12.53,,
25343,12,,
25344,11.49,,
25345,11.07,,
25346,10.75,,
25347,10.53,,
25348,10.38,,
25349,10.28,,
25350,10.34,,
25351,10.57,,
25352,10.83,,
25353,11.01,,
25354,11.3,,
25355,12.17,,
25356,12.79,,
25357,13.34,,
25358,13.85,,
25359,13.64,,
25360,13.18,,
25361,12.94,,
25362,12.84,,
25363,12.55,,
25364,12.18,,
25365,11.73,,
25366,11.24,,
25367,10.8,,
25368,10.43,,
25369,10.14,,
25370,10.01,,
25371,9.96,,
25372,9.96,,
25373,10.05,,
25374,10.19,,
25375,10.42,,
25376,10.7,,
25377,11.14,,
25378,11.71,,
25379,12.15,,
25380,12.45,,
25381,12.63,,
25382,12.66,,
25383,12.42,,
25384,12.09,,
25385,11.75,,
25386,11.44,,
25387,11.15,,
25388,10.84,,
25389,10.52,,
25390,10.24,,
25391,9.98,,
25392,9.77,,
25393,9.57,,
25394,9.43,,
25395,9.3,,
25396,9.2,,
25397,9.14,,
25398,9.08,,
25399,9.13,,
25400,9.24,,
25401,9.66,,
25402,10.31,,
25403,11.22,,
25404,11.79,,
25405,12.22,,
25406,12.12,,
25407,12,,
25408,11.75,,
25409,11.38,,
25410,11.03,,
25411,10.67,,
25412,10.28,,
25413,9.9,,
25414,9.53,,
25415,9.19,,
25416,8.83,,
25417,8.43,,
25418,8.02,,
25419,7.64,,
25420,7.32,,
25421,7.1,,
25422,6.982,,
25423,6.952,,
25424,7.15,,
25425,7.64,,
25426,8.31,,
25427,9,,
25428,9.68,,
25429,9.94,,
25430,10.37,,
25431,10.36,,
25432,10.06,,
25433,9.91,,
25434,9.65,,
25435,9.3,,
25436,8.87,,
25437,8.4,,
25438,8.01,,
25439,7.63,,
25440,7.31,,
25441,6.988,,
25442,6.72,,
25443,6.508,,
25444,6.412,,
25445,6.351,,
25446,6.32,,
25447,6.329,,
25448,6.576,,
25449,7.18,,
25450,7.77,,
25451,8.38,,
25452,9.24,,
25453,10.12,,
25454,10.81,,
25455,11.17,,
25456,11.09,,
25457,10.91,,
25458,10.54,,
25459,10.04,,
25460,9.51,,
25461,9,,
25462,8.57,,
25463,8.22,,
25464,7.93,,
25465,7.69,,
25466,7.52,,
25467,7.42,,
25468,7.36,,
25469,7.32,,
25470,7.36,,
25471,7.47,,
25472,7.53,,
25473,7.56,,
25474,7.63,,
25475,7.66,,
25476,7.67,,
25477,7.69,,
25478,7.73,,
25479,7.75,,
25480,7.85,,
25481,8.13,,
25482,8.22,,
25483,8.13,,
25484,7.96,,
25485,7.69,,
25486,7.44,,
25487,7.14,,
25488,6.904,,
25489,6.732,,
25490,6.597,,
25491,6.521,,
25492,6.501,,
25493,6.429,,
25494,6.421,,
25495,6.509,,
25496,6.912,,
25497,7.37,,
25498,8.31,,
25499,8.86,,
25500,9.33,,
25501,10.1,,
25502,10.71,,
25503,10.7,,
25504,10.38,,
25505,10.15,,
25506,9.93,,
25507,9.64,,
25508,9.34,,
25509,9.01,,
25510,8.53,,
25511,8.03,,
25512,7.51,,
25513,7.1,,
25514,6.778,,
25515,6.475,,
25516,6.226,,
25517,6.049,,
25518,5.984,,
25519,6.022,,
25520,6.354,,
25521,7.05,,
25522,8.04,,
25523,8.9,,
25524,9.55,,
25525,9.85,,
25526,10.01,,
25527,10.11,,
25528,9.97,,
25529,9.8,,
25530,9.6,,
25531,9.33,,
25532,9.04,,
25533,8.76,,
25534,8.47,,
25535,8.21,,
25536,7.96,,
25537,7.77,,
25538,7.6,,
25539,7.46,,
25540,7.4,,
25541,7.45,,
25542,7.54,,
25543,7.76,,
25544,8.1,,
25545,8.5,,
25546,9.12,,
25547,9.75,,
25548,10.65,,
25549,11.4,,
25550,11.5,,
25551,11.45,,
25552,11.31,,
25553,11.08,,
25554,10.65,,
25555,10.09,,
25556,9.57,,
25557,9.11,,
25558,8.67,,
25559,8.25,,
25560,7.8,,
25561,7.26,,
25562,6.753,,
25563,6.307,,
25564,5.929,,
25565,5.637,,
25566,5.517,,
25567,5.55,,
25568,5.773,,
25569,6.27,,
25570,6.706,,
25571,6.971,,
25572,7.02,,
25573,6.939,,
25574,6.833,,
25575,6.704,,
25576,6.465,,
25577,6.321,,
25578,6.277,,
25579,6.2,,
25580,6.124,,
25581,5.97,,
25582,5.73,,
25583,5.517,,
25584,5.325,,
25585,5.193,,
25586,5.078,,
25587,5.016,,
25588,5.016,,
25589,5.088,,
25590,5.2,,
25591,5.334,,
25592,5.582,,
25593,6.022,,
25594,6.213,,
25595,6.362,,
25596,6.653,,
25597,6.912,,
25598,7.06,,
25599,7.09,,
25600,7.2,,
25601,7.23,,
25602,7.1,,
25603,6.933,,
25604,6.712,,
25605,6.471,,
25606,6.22,,
25607,5.996,,
25608,5.785,,
25609,5.614,,
25610,5.46,,
25611,5.327,,
25612,5.164,,
25613,5.07,,
25614,5.215,,
25615,5.534,,
25616,5.918,,
25617,6.402,,
25618,7.22,,
25619,7.85,,
25620,8.13,,
25621,8.36,,
25622,8.52,,
25623,8.53,,
25624,8.49,,
25625,8.42,,
25626,8.29,,
25627,8.16,,
25628,8,,
25629,7.81,,
25630,7.63,,
25631,7.43,,
25632,7.24,,
25633,7.08,,
25634,6.943,,
25635,6.851,,
25636,6.823,,
25637,6.861,,
25638,6.932,,
25639,7.1,,
25640,7.46,,
25641,7.79,,
25642,8.09,,
25643,8.43,,
25644,8.95,,
25645,9.4,,
25646,9.7,,
25647,10.18,,
25648,10.37,,
25649,10.36,,
25650,10.19,,
25651,9.94,,
25652,9.65,,
25653,9.22,,
25654,8.8,,
25655,8.46,,
25656,8.21,,
25657,8.03,,
25658,7.88,,
25659,7.81,,
25660,7.78,,
25661,7.75,,
25662,7.7,,
25663,7.65,,
25664,7.78,,
25665,8.15,,
25666,8.63,,
25667,9.02,,
25668,9.34,,
25669,9.83,,
25670,10.66,,
25671,10.99,,
25672,10.87,,
25673,10.74,,
25674,10.42,,
25675,10.01,,
25676,9.54,,
25677,9.07,,
25678,8.67,,
25679,8.21,,
25680,7.76,,
25681,7.39,,
25682,7.16,,
25683,6.973,,
25684,6.782,,
25685,6.711,,
25686,6.681,,
25687,6.688,,
25688,6.768,,
25689,7.48,,
25690,8.38,,
25691,8.96,,
25692,9.33,,
25693,9.49,,
25694,9.52,,
25695,9.73,,
25696,9.72,,
25697,9.57,,
25698,9.41,,
25699,9.24,,
25700,9.02,,
25701,8.78,,
25702,8.53,,
25703,8.24,,
25704,7.98,,
25705,7.73,,
25706,7.54,,
25707,7.41,,
25708,7.4,,
25709,7.52,,
25710,7.72,,
25711,8.01,,
25712,8.32,,
25713,8.56,,
25714,8.8,,
25715,9.22,,
25716,10,,
25717,10.66,,
25718,11.01,,
25719,11.02,,
25720,11.02,,
25721,10.94,,
25722,10.75,,
25723,10.47,,
25724,10.18,,
25725,9.84,,
25726,9.47,,
25727,9.15,,
25728,8.9,,
25729,8.68,,
25730,8.51,,
25731,8.35,,
25732,8.2,,
25733,8.06,,
25734,8.01,,
25735,8.18,,
25736,8.44,,
25737,8.79,,
25738,9.22,,
25739,9.99,,
25740,10.67,,
25741,10.94,,
25742,11.01,,
25743,11.13,,
25744,10.9,,
25745,10.58,,
25746,10.26,,
25747,9.93,,
25748,9.54,,
25749,9.15,,
25750,8.79,,
25751,8.44,,
25752,8.1,,
25753,7.76,,
25754,7.42,,
25755,7.18,,
25756,7.08,,
25757,7.06,,
25758,7.08,,
25759,7.14,,
25760,7.32,,
25761,7.58,,
25762,7.9,,
25763,8.33,,
25764,9.09,,
25765,9.68,,
25766,10.18,,
25767,10.49,,
25768,10.65,,
25769,10.71,,
25770,10.58,,
25771,10.23,,
25772,9.81,,
25773,9.37,,
25774,8.88,,
25775,8.38,,
25776,7.88,,
25777,7.41,,
25778,6.996,,
25779,6.671,,
25780,6.455,,
25781,6.369,,
25782,6.472,,
25783,6.671,,
25784,7.03,,
25785,7.95,,
25786,9.11,,
25787,10.28,,
25788,10.9,,
25789,11.53,,
25790,12.17,,
25791,12.54,,
25792,12.51,,
25793,12.43,,
25794,12.26,,
25795,11.86,,
25796,11.44,,
25797,11,,
25798,10.58,,
25799,10.16,,
25800,9.74,,
25801,9.32,,
25802,8.96,,
25803,8.7,,
25804,8.53,,
25805,8.45,,
25806,8.51,,
25807,8.68,,
25808,9.05,,
25809,9.97,,
25810,11.16,,
25811,12.5,,
25812,13.61,,
25813,14.3,,
25814,14.88,,
25815,15.16,,
25816,15.08,,
25817,14.84,,
25818,14.52,,
25819,14.2,,
25820,13.86,,
25821,13.51,,
25822,13.17,,
25823,12.88,,
25824,12.59,,
25825,12.3,,
25826,12.03,,
25827,11.81,,
25828,11.61,,
25829,11.47,,
25830,11.49,,
25831,11.64,,
25832,11.88,,
25833,12.42,,
25834,13.19,,
25835,14.16,,
25836,14.97,,
25837,15.38,,
25838,15.44,,
25839,15.43,,
25840,15.2,,
25841,14.97,,
25842,14.7,,
25843,14.41,,
25844,14.1,,
25845,13.8,,
25846,13.49,,
25847,13.19,,
25848,12.9,,
25849,12.56,,
25850,12.26,,
25851,12.06,,
25852,11.91,,
25853,11.84,,
25854,11.81,,
25855,11.73,,
25856,11.79,,
25857,12.21,,
25858,12.81,,
25859,13.44,,
25860,14.14,,
25861,14.65,,
25862,14.81,,
25863,15.08,,
25864,15.03,,
25865,14.9,,
25866,14.68,,
25867,14.26,,
25868,13.8,,
25869,13.31,,
25870,12.78,,
25871,12.25,,
25872,11.72,,
25873,11.21,,
25874,10.78,,
25875,10.44,,
25876,10.18,,
25877,10.06,,
25878,10.1,,
25879,10.25,,
25880,10.54,,
25881,11.36,,
25882,12.47,,
25883,13.83,,
25884,15.11,,
25885,16.15,,
25886,16.92,,
25887,17.42,,
25888,17.36,,
25889,17.25,,
25890,17.01,,
25891,16.52,,
25892,15.95,,
25893,15.35,,
25894,14.74,,
25895,14.14,,
25896,13.56,,
25897,13.02,,
25898,12.57,,
25899,12.2,,
25900,11.93,,
25901,11.76,,
25902,11.7,,
25903,11.76,,
25904,11.98,,
25905,12.68,,
25906,13.74,,
25907,15.05,,
25908,16.23,,
25909,17.19,,
25910,17.91,,
25911,18.25,,
25912,18.1,,
25913,17.93,,
25914,17.62,,
25915,17.02,,
25916,16.4,,
25917,15.75,,
25918,15.1,,
25919,14.47,,
25920,13.88,,
25921,13.34,,
25922,12.95,,
25923,12.66,,
25924,12.43,,
25925,12.24,,
25926,12.06,,
25927,11.94,,
25928,11.98,,
25929,12.63,,
25930,13.72,,
25931,15.1,,
25932,16.33,,
25933,17.29,,
25934,17.9,,
25935,18.27,,
25936,18.11,,
25937,17.87,,
25938,17.51,,
25939,16.88,,
25940,16.18,,
25941,15.48,,
25942,14.78,,
25943,14.13,,
25944,13.5,,
25945,12.93,,
25946,12.44,,
25947,12.08,,
25948,11.86,,
25949,11.75,,
25950,11.76,,
25951,11.81,,
25952,12.1,,
25953,12.88,,
25954,13.66,,
25955,14.55,,
25956,15.74,,
25957,16.19,,
25958,16.49,,
25959,16.83,,
25960,16.71,,
25961,16.57,,
25962,16.39,,
25963,16.12,,
25964,15.75,,
25965,15.34,,
25966,14.91,,
25967,14.55,,
25968,14.23,,
25969,13.93,,
25970,13.7,,
25971,13.51,,
25972,13.35,,
25973,13.26,,
25974,13.33,,
25975,13.39,,
25976,13.56,,
25977,14.28,,
25978,15.33,,
25979,16.77,,
25980,18.16,,
25981,19.26,,
25982,20.06,,
25983,20.31,,
25984,20.2,,
25985,19.98,,
25986,19.57,,
25987,19,,
25988,18.4,,
25989,17.81,,
25990,17.21,,
25991,16.6,,
25992,16.04,,
25993,15.52,,
25994,15.04,,
25995,14.67,,
25996,14.4,,
25997,14.25,,
25998,14.23,,
25999,14.32,,
26000,14.58,,
26001,15.44,,
26002,16.72,,
26003,18.24,,
26004,19.62,,
26005,20.74,,
26006,21.53,,
26007,22.05,,
26008,21.95,,
26009,21.77,,
26010,21.36,,
26011,20.77,,
26012,20.12,,
26013,19.39,,
26014,18.78,,
26015,18.23,,
26016,17.76,,
26017,17.36,,
26018,16.99,,
26019,16.62,,
26020,16.32,,
26021,16.19,,
26022,16.27,,
26023,16.45,,
26024,16.75,,
26025,17.32,,
26026,17.81,,
26027,17.94,,
26028,17.87,,
26029,18.16,,
26030,19.06,,
26031,19.81,,
26032,20,,
26033,19.82,,
26034,19.55,,
26035,19.22,,
26036,18.88,,
26037,18.53,,
26038,18.15,,
26039,17.76,,
26040,17.42,,
26041,17.14,,
26042,16.91,,
26043,16.73,,
26044,16.61,,
26045,16.54,,
26046,16.48,,
26047,16.51,,
26048,16.66,,
26049,17.04,,
26050,17.47,,
26051,17.98,,
26052,18.82,,
26053,19.67,,
26054,20.17,,
26055,20.36,,
26056,20.44,,
26057,19.63,,
26058,18.81,,
26059,18.43,,
26060,18.14,,
26061,17.83,,
26062,17.52,,
26063,17.22,,
26064,16.94,,
26065,16.67,,
26066,16.43,,
26067,16.23,,
26068,16.05,,
26069,15.93,,
26070,15.88,,
26071,15.84,,
26072,15.88,,
26073,15.95,,
26074,16.02,,
26075,16.23,,
26076,16.75,,
26077,17.46,,
26078,17.83,,
26079,18.12,,
26080,18.15,,
26081,18.19,,
26082,18.03,,
26083,17.7,,
26084,17.35,,
26085,17.02,,
26086,16.7,,
26087,16.39,,
26088,15.97,,
26089,15.5,,
26090,15.07,,
26091,14.78,,
26092,14.69,,
26093,14.67,,
26094,14.72,,
26095,14.82,,
26096,14.98,,
26097,15.66,,
26098,16.64,,
26099,17.84,,
26100,18.65,,
26101,18.9,,
26102,18.66,,
26103,18.42,,
26104,18.29,,
26105,18.16,,
26106,17.99,,
26107,17.75,,
26108,17.36,,
26109,16.89,,
26110,16.4,,
26111,15.89,,
26112,15.43,,
26113,15.02,,
26114,14.67,,
26115,14.39,,
26116,14.19,,
26117,14.06,,
26118,14.08,,
26119,14.22,,
26120,14.53,,
26121,15.42,,
26122,16.28,,
26123,17.3,,
26124,18.07,,
26125,19.01,,
26126,19.81,,
26127,20.3,,
26128,20.15,,
26129,20.04,,
26130,19.79,,
26131,19.35,,
26132,18.89,,
26133,18.38,,
26134,17.83,,
26135,17.29,,
26136,16.82,,
26137,16.33,,
26138,15.91,,
26139,15.56,,
26140,15.31,,
26141,15.19,,
26142,15.21,,
26143,15.36,,
26144,15.66,,
26145,16.36,,
26146,17.48,,
26147,18.46,,
26148,19.43,,
26149,20.15,,
26150,20.59,,
26151,21.06,,
26152,20.98,,
26153,20.78,,
26154,20.46,,
26155,20.07,,
26156,19.63,,
26157,19.19,,
26158,18.77,,
26159,18.39,,
26160,18.01,,
26161,17.64,,
26162,17.26,,
26163,16.92,,
26164,16.62,,
26165,16.49,,
26166,16.54,,
26167,16.71,,
26168,16.92,,
26169,17.64,,
26170,18.71,,
26171,19.97,,
26172,20.39,,
26173,20.2,,
26174,19.77,,
26175,19.34,,
26176,19.02,,
26177,18.78,,
26178,18.53,,
26179,18.24,,
26180,17.94,,
26181,17.66,,
26182,17.37,,
26183,17.04,,
26184,16.69,,
26185,16.39,,
26186,16.1,,
26187,15.86,,
26188,15.7,,
26189,15.6,,
26190,15.59,,
26191,15.55,,
26192,15.71,,
26193,16.39,,
26194,17.55,,
26195,18.71,,
26196,19.8,,
26197,20.62,,
26198,20.91,,
26199,21.32,,
26200,21.35,,
26201,21.16,,
26202,20.85,,
26203,20.41,,
26204,19.95,,
26205,19.45,,
26206,18.87,,
26207,18.29,,
26208,17.76,,
26209,17.24,,
26210,16.79,,
26211,16.45,,
26212,16.2,,
26213,16.11,,
26214,16.17,,
26215,16.33,,
26216,16.62,,
26217,17.52,,
26218,18.82,,
26219,20.42,,
26220,21.33,,
26221,22.29,,
26222,23.08,,
26223,22.55,,
26224,21.86,,
26225,21.24,,
26226,20.84,,
26227,20.4,,
26228,19.97,,
26229,19.51,,
26230,19.03,,
26231,18.5,,
26232,18.02,,
26233,17.56,,
26234,17.18,,
26235,16.88,,
26236,16.7,,
26237,16.52,,
26238,16.47,,
26239,16.59,,
26240,16.77,,
26241,17.51,,
26242,18.63,,
26243,20.1,,
26244,21.41,,
26245,22.48,,
26246,22.96,,
26247,23.35,,
26248,23.16,,
26249,22.86,,
26250,22.36,,
26251,21.69,,
26252,21,,
26253,20.33,,
